model,write_mode,delay_len,max_mem,eval_acc_mean,eval_acc_std,acc_mean_tail_mean,acc_mean_tail_std,source_survival_rate_mean,source_survival_rate_std,attn_mass_source_mean,attn_mass_source_std,attn_mass_noise_mean,attn_mass_noise_std,attn_mass_sep_mean,attn_mass_sep_std,attn_mass_other_mean,attn_mass_other_std,attn_entropy_mean,attn_entropy_std,mem_source_entries_mean,mem_source_entries_std,mem_noise_entries_mean,mem_noise_entries_std,mem_sep_entries_mean,mem_sep_entries_std,eval_error_rate_mean,eval_error_rate_std,err_sep_rate_mean,err_sep_rate_std,err_source_only_rate_mean,err_source_only_rate_std,err_noise_only_rate_mean,err_noise_only_rate_std,err_both_source_and_noise_rate_mean,err_both_source_and_noise_rate_std,err_other_rate_mean,err_other_rate_std
gated,prefix-all,40,50,0.746791305818728,0.025175838728589132,0.7386214401551656,0.0252739788472072,0.45,0.0,0.7009186031562942,0.0027731273853411256,0.2215582511520811,0.026713741213630966,0.07752317140278,0.025885222379207193,0.0,0.0,0.01485837762343827,0.009938748093017445,9.0,0.0,40.0,0.0,1.0,0.0,0.25320870535714285,0.025175838612023223,0.0,0.0,0.1303988338319438,0.013249474946924128,0.0,0.0,0.8696011661680562,0.013249474946924083,0.0,0.0
gated,prefix-all,40,60,0.9707589431532792,0.02064707274117299,0.9497169753823961,0.019459074126342436,0.95,0.0,0.7355938968913895,0.1214601060963456,0.21630276478166313,0.10378991682935458,0.04810335946873064,0.029741454763251282,0.0,0.0,0.1234769649537546,0.026205068189924876,19.0,0.0,40.0,0.0,1.0,0.0,0.0292410714285714,0.020647070059602403,0.0,0.0,0.12942675241333185,0.036993927916553364,0.0,0.0,0.8437875333009538,0.03509113286050098,0.0,0.0
gated,prefix-all,40,61,0.993219865752118,0.01785257241889683,0.9896892909663063,0.01793352192345399,1.0,0.0,0.7430245423955577,0.12369896661654728,0.20694275866066744,0.10546904771173875,0.05003272304868132,0.028863409857290648,0.0,0.0,0.09256817842833695,0.045387745672262114,20.0,0.0,40.0,0.0,1.0,0.0,0.006780133928571429,0.01785257190149234,0.0,0.0,0.01881091378859236,0.049768999818491214,0.0,0.0,0.13297480049712193,0.32509384475601616,0.0,0.0
gated,prefix-all,40,62,0.993219865752118,0.01785257241889683,0.9896892909663063,0.01793352192345399,1.0,0.0,0.7430245423955577,0.12369896661654728,0.20694275866066744,0.10546904771173875,0.05003272304868132,0.028863409857290648,0.0,0.0,0.09256817842833695,0.045387745672262114,20.0,0.0,40.0,0.0,1.0,0.0,0.006780133928571429,0.01785257190149234,0.0,0.0,0.01881091378859236,0.049768999818491214,0.0,0.0,0.13297480049712193,0.32509384475601616,0.0,0.0
gated,prefix-all,40,70,0.993219865752118,0.01785257241889683,0.9896892909663063,0.01793352192345399,1.0,0.0,0.7430245423955577,0.12369896661654728,0.20694275866066744,0.10546904771173875,0.05003272304868132,0.028863409857290648,0.0,0.0,0.09256817842833695,0.045387745672262114,20.0,0.0,40.0,0.0,1.0,0.0,0.006780133928571429,0.01785257190149234,0.0,0.0,0.01881091378859236,0.049768999818491214,0.0,0.0,0.13297480049712193,0.32509384475601616,0.0,0.0
gated,prefix-all,80,80,0.19048549474350038,0.0991118564959272,0.14055000242697338,0.06575114131211175,0.0,0.0,0.0,0.0,1.0,0.0,0.0,0.0,0.0,0.0,3.1680059411696027,0.4454546286648196,0.0,0.0,80.0,0.0,0.0,0.0,0.8095145089285715,0.09911185457541476,0.0,0.0,0.00863221742936397,0.003918834040966601,0.2708500502205435,0.06453722561759727,0.7157386077436937,0.06440061391676018,0.004779124606398742,0.003039612127107018
gated,prefix-all,80,100,0.964481038174459,0.026582461626050585,0.9384053689411708,0.025820194628532873,0.95,0.0,0.7450231287096228,0.050617955929576186,0.17640571509088784,0.036167264741562934,0.07857117888384625,0.026575249216163787,0.0,0.0,0.13216491735407282,0.028344247178506303,19.0,0.0,80.0,0.0,1.0,0.0,0.03551897321428564,0.026582461424675227,0.0,0.0,0.019994346422779613,0.019876747945411315,0.0,0.0,0.9264342250057919,0.1353166595569703,0.0,0.0
gated,prefix-all,80,101,0.9999720981078488,7.382146774005404e-05,0.9961008985042572,0.0005674130895593344,1.0,0.0,0.6796981926475253,0.027656869012917046,0.27421013452112675,0.025099109756189057,0.04609169932414906,0.007415335996316293,0.0,0.0,0.07857338954428474,0.030148407717840314,20.0,0.0,80.0,0.0,1.0,0.0,2.7901785714285717e-05,7.382118613461469e-05,0.0,0.0,0.0,0.0,0.0,0.0,0.008928571428571428,0.023622779563076703,0.0,0.0
gated,prefix-all,80,102,0.9999720981078488,7.382146774005404e-05,0.9961008985042572,0.0005674130895593344,1.0,0.0,0.6796981926475253,0.027656869012917046,0.27421013452112675,0.025099109756189057,0.04609169932414906,0.007415335996316293,0.0,0.0,0.07857338954428474,0.030148407717840314,20.0,0.0,80.0,0.0,1.0,0.0,2.7901785714285717e-05,7.382118613461469e-05,0.0,0.0,0.0,0.0,0.0,0.0,0.008928571428571428,0.023622779563076703,0.0,0.0
gated,prefix-all,80,120,0.9999720981078488,7.382146774005404e-05,0.9961008985042572,0.0005674130895593344,1.0,0.0,0.6796981926475253,0.027656869012917046,0.27421013452112675,0.025099109756189057,0.04609169932414906,0.007415335996316293,0.0,0.0,0.07857338954428474,0.030148407717840314,20.0,0.0,80.0,0.0,1.0,0.0,2.7901785714285717e-05,7.382118613461469e-05,0.0,0.0,0.0,0.0,0.0,0.0,0.008928571428571428,0.023622779563076703,0.0,0.0
gated,source-only,40,10,0.5767299229545253,0.02425296379742254,0.5517991187572479,0.018561852844717813,0.5,0.0,1.0,0.0,0.0,0.0,0.0,0.0,0.0,0.0,0.05923092095015035,0.03552983096787366,10.0,0.0,0.0,0.0,0.0,0.0,0.42327008928571425,0.024252965522009777,0.0,0.0,0.12585238438679494,0.009606015410729649,0.0,0.0,0.874147615613205,0.009606015410729609,0.0,0.0
gated,source-only,40,15,0.7626116201281548,0.022871267491262743,0.7506884051220758,0.028721552569308532,0.75,0.0,1.0,0.0,0.0,0.0,0.0,0.0,0.0,0.0,0.08703894111593916,0.052615590826009195,15.0,0.0,0.0,0.0,0.0,0.0,0.23738839285714278,0.02287126808585607,0.0,0.0,0.1324181388195412,0.02333511907156945,0.0,0.0,0.8675818611804588,0.0233351190715694,0.0,0.0
gated,source-only,40,20,1.0,0.0,0.9964901830979755,0.0005952471797940787,1.0,0.0,1.0,0.0,0.0,0.0,0.0,0.0,0.0,0.0,0.03691500654843231,0.01262636538432478,20.0,0.0,0.0,0.0,0.0,0.0,0.0,0.0,0.0,0.0,0.0,0.0,0.0,0.0,0.0,0.0,0.0,0.0
gated,source-only,40,25,1.0,0.0,0.9964901830979755,0.0005952471797940787,1.0,0.0,1.0,0.0,0.0,0.0,0.0,0.0,0.0,0.0,0.03691500654843231,0.01262636538432478,20.0,0.0,0.0,0.0,0.0,0.0,0.0,0.0,0.0,0.0,0.0,0.0,0.0,0.0,0.0,0.0,0.0,0.0
gated,source-only,40,30,1.0,0.0,0.9964901830979755,0.0005952471797940787,1.0,0.0,1.0,0.0,0.0,0.0,0.0,0.0,0.0,0.0,0.03691500654843231,0.01262636538432478,20.0,0.0,0.0,0.0,0.0,0.0,0.0,0.0,0.0,0.0,0.0,0.0,0.0,0.0,0.0,0.0,0.0,0.0
gated,source-only,80,10,0.5692801470203059,0.015563729348079848,0.5470571544510977,0.009639554762142243,0.5,0.0,1.0,0.0,0.0,0.0,0.0,0.0,0.0,0.0,0.05587316266194511,0.0193711404310501,10.0,0.0,0.0,0.0,0.0,0.0,0.4307198660714286,0.015563728451825815,0.0,0.0,0.018978673258823374,0.0034751566920170765,0.0,0.0,0.9810213267411766,0.003475156692017141,0.0,0.0
gated,source-only,80,15,0.7775669768452644,0.035307189967361124,0.7605330475228174,0.03809202048840218,0.75,0.0,1.0,0.0,0.0,0.0,0.0,0.0,0.0,0.0,0.10207876451646107,0.07115609416492023,15.0,0.0,0.0,0.0,0.0,0.0,0.22243303571428566,0.035307189825070515,0.0,0.0,0.019099408386906987,0.004533247344688581,0.0,0.0,0.980900591613093,0.004533247344688538,0.0,0.0
gated,source-only,80,20,1.0,0.0,0.9968607177053179,0.000787777070995238,1.0,0.0,1.0,0.0,0.0,0.0,0.0,0.0,0.0,0.0,0.034974450628007074,0.006342527806456827,20.0,0.0,0.0,0.0,0.0,0.0,0.0,0.0,0.0,0.0,0.0,0.0,0.0,0.0,0.0,0.0,0.0,0.0
gated,source-only,80,25,1.0,0.0,0.9968607177053179,0.000787777070995238,1.0,0.0,1.0,0.0,0.0,0.0,0.0,0.0,0.0,0.0,0.034974450628007074,0.006342527806456827,20.0,0.0,0.0,0.0,0.0,0.0,0.0,0.0,0.0,0.0,0.0,0.0,0.0,0.0,0.0,0.0,0.0,0.0
gated,source-only,80,30,1.0,0.0,0.9968607177053179,0.000787777070995238,1.0,0.0,1.0,0.0,0.0,0.0,0.0,0.0,0.0,0.0,0.034974450628007074,0.006342527806456827,20.0,0.0,0.0,0.0,0.0,0.0,0.0,0.0,0.0,0.0,0.0,0.0,0.0,0.0,0.0,0.0,0.0,0.0
gated,source-pinned-noise-fifo,40,20,1.0,0.0,0.9964901830979755,0.0005952471797940787,1.0,0.0,1.0,0.0,0.0,0.0,0.0,0.0,0.0,0.0,0.03691500654843231,0.01262636538432478,20.0,0.0,0.0,0.0,0.0,0.0,0.0,0.0,0.0,0.0,0.0,0.0,0.0,0.0,0.0,0.0,0.0,0.0
gated,source-pinned-noise-fifo,40,25,0.9999720981078488,7.382146774003913e-05,0.9961455409186227,0.0007516781433853022,1.0,0.0,0.9999826412115779,1.8589269973648537e-05,1.738008408835867e-05,1.8585033699125927e-05,0.0,0.0,0.0,0.0,0.038165372646679775,0.007190520982057299,20.0,0.0,5.0,0.0,0.0,0.0,2.7901785714285717e-05,7.382118613461469e-05,0.0,0.0,0.0,0.0,0.0,0.0,0.008928571428571428,0.023622779563076703,0.0,0.0
gated,source-pinned-noise-fifo,40,30,1.0,0.0,0.9967589326075146,0.0009079693657383693,1.0,0.0,0.9999945999256202,2.8211090409337714e-06,5.416633972085297e-06,2.821107185610716e-06,0.0,0.0,0.0,0.0,0.03392933114498317,0.005716011570256241,20.0,0.0,10.0,0.0,0.0,0.0,0.0,0.0,0.0,0.0,0.0,0.0,0.0,0.0,0.0,0.0,0.0,0.0
gated,source-pinned-noise-fifo,40,40,1.0,0.0,0.9966535755566188,0.0007710129236978264,1.0,0.0,0.9999905228614807,1.864458334077671e-05,9.503900302933386e-06,1.8649255202550665e-05,0.0,0.0,0.0,0.0,0.03328305552713567,0.006612960405677177,20.0,0.0,20.0,0.0,0.0,0.0,0.0,0.0,0.0,0.0,0.0,0.0,0.0,0.0,0.0,0.0,0.0,0.0
gated,source-pinned-noise-fifo,40,60,0.9999441962156977,0.00014764293548015544,0.996516969186919,0.000524722216687305,1.0,0.0,0.9715487084218434,0.07524510471815817,0.028451317598842646,0.07524510310143583,0.0,0.0,0.0,0.0,0.051200664602220024,0.01938345416787269,20.0,0.0,40.0,0.0,0.0,0.0,5.5803571428571434e-05,0.0001476423722692294,0.0,0.0,0.0,0.0,0.0,0.0,0.017857142857142856,0.04724555912615341,0.0,0.0
gated,source-pinned-noise-fifo,40,80,0.9999441962156977,0.00014764293548015544,0.996516969186919,0.000524722216687305,1.0,0.0,0.9715487084218434,0.07524510471815817,0.028451317598842646,0.07524510310143583,0.0,0.0,0.0,0.0,0.051200664602220024,0.01938345416787269,20.0,0.0,40.0,0.0,0.0,0.0,5.5803571428571434e-05,0.0001476423722692294,0.0,0.0,0.0,0.0,0.0,0.0,0.017857142857142856,0.04724555912615341,0.0,0.0
gated,source-pinned-noise-fifo,40,100,0.9999441962156977,0.00014764293548015544,0.996516969186919,0.000524722216687305,1.0,0.0,0.9715487084218434,0.07524510471815817,0.028451317598842646,0.07524510310143583,0.0,0.0,0.0,0.0,0.051200664602220024,0.01938345416787269,20.0,0.0,40.0,0.0,0.0,0.0,5.5803571428571434e-05,0.0001476423722692294,0.0,0.0,0.0,0.0,0.0,0.0,0.017857142857142856,0.04724555912615341,0.0,0.0
gated,source-pinned-noise-fifo,80,20,1.0,0.0,0.9968607177053179,0.000787777070995238,1.0,0.0,1.0,0.0,0.0,0.0,0.0,0.0,0.0,0.0,0.034974450628007074,0.006342527806456827,20.0,0.0,0.0,0.0,0.0,0.0,0.0,0.0,0.0,0.0,0.0,0.0,0.0,0.0,0.0,0.0,0.0,0.0
gated,source-pinned-noise-fifo,80,25,1.0,0.0,0.9962964341470173,0.0007399826462332399,1.0,0.0,0.999956764280796,3.363796032068737e-05,4.325179811611893e-05,3.3648518326174394e-05,0.0,0.0,0.0,0.0,0.03559295149586557,0.010415760326231961,20.0,0.0,5.0,0.0,0.0,0.0,0.0,0.0,0.0,0.0,0.0,0.0,0.0,0.0,0.0,0.0,0.0,0.0
gated,source-pinned-noise-fifo,80,30,1.0,0.0,0.9962875054563796,0.0005818194658187421,1.0,0.0,0.999991665993418,5.555931067717595e-06,8.348919843724292e-06,5.562489504197077e-06,0.0,0.0,0.0,0.0,0.03949770196673589,0.009511028583280299,20.0,0.0,10.0,0.0,0.0,0.0,0.0,0.0,0.0,0.0,0.0,0.0,0.0,0.0,0.0,0.0,0.0,0.0
gated,source-pinned-noise-fifo,80,40,0.9999720981078488,7.382146774007386e-05,0.9963973259244646,0.0007781661875110897,1.0,0.0,0.999721422791481,0.0006832766059639936,0.0002785992002348555,0.0006832713159782411,0.0,0.0,0.0,0.0,0.03932910427517651,0.01063367529877637,20.0,0.0,20.0,0.0,0.0,0.0,2.7901785714285717e-05,7.38211861346147e-05,0.0,0.0,0.0,0.0,0.0,0.0,0.008928571428571428,0.023622779563076703,0.0,0.0
gated,source-pinned-noise-fifo,80,60,1.0,0.0,0.9958660776444843,0.00036945216238106724,1.0,0.0,0.9999899683254105,1.621074608038817e-05,1.0058386122478527e-05,1.6207652979653322e-05,0.0,0.0,0.0,0.0,0.0455476763724748,0.008261501587797425,20.0,0.0,40.0,0.0,0.0,0.0,0.0,0.0,0.0,0.0,0.0,0.0,0.0,0.0,0.0,0.0,0.0,0.0
gated,source-pinned-noise-fifo,80,80,0.9999441962156977,0.00014764293548013096,0.9960321484122959,0.0006616566385481334,1.0,0.0,0.9999817950384957,1.694039031186908e-05,1.823545310587958e-05,1.6936370241329686e-05,0.0,0.0,0.0,0.0,0.052171326841094615,0.00932851338453747,20.0,0.0,60.0,0.0,0.0,0.0,5.5803571428571434e-05,0.0001476423722692294,0.0,0.0,0.0,0.0,0.0,0.0,0.017857142857142856,0.04724555912615341,0.0,0.0
gated,source-pinned-noise-fifo,80,100,0.9999720981078488,7.382146774005079e-05,0.9955982208933148,0.0009280736382956913,1.0,0.0,0.9214742220938206,0.11485111166614238,0.07852580787998217,0.1148511099753006,0.0,0.0,0.0,0.0,0.06645087265808665,0.03132228765161153,20.0,0.0,80.0,0.0,0.0,0.0,2.7901785714285717e-05,7.38211861346147e-05,0.0,0.0,0.008928571428571428,0.023622779563076703,0.0,0.0,0.0,0.0,0.0,0.0
naive,prefix-all,40,50,0.6845982239714691,0.11185010075804565,0.6664339397975377,0.10494173970402058,0.45,0.0,0.7208216216947351,0.056339040455521495,0.17903389359240202,0.08587000278469141,0.10014449675301351,0.04085053260376066,0.0,0.0,0.0882315760744469,0.10176390541701039,9.0,0.0,40.0,0.0,1.0,0.0,0.31540178571428573,0.11185010060083889,0.0,0.0,0.129858476634559,0.009668965310493707,0.0,0.0,0.870141523365441,0.009668965310493695,0.0,0.0
naive,prefix-all,40,60,0.9247209924672332,0.036551599306315304,0.9093116187027522,0.030840928790388106,0.95,0.0,0.6922717275364059,0.018939499838808764,0.22875678432839255,0.03927225161547234,0.07897150639577631,0.026798972878705345,0.0,0.0,0.16622770617582966,0.03745968760708409,19.0,0.0,40.0,0.0,1.0,0.0,0.07527901785714285,0.036551601973338135,0.0,0.0,0.13420421037834104,0.02138586928875425,0.0,0.0,0.8657957896216589,0.021385869288754245,0.0,0.0
naive,prefix-all,40,61,0.9794642877365861,0.0376363012953422,0.9760883998359953,0.03679022539503329,1.0,0.0,0.6788901473794665,0.02721430131084253,0.2639122804892914,0.038338923869172065,0.05719759561387553,0.018925006957610593,0.0,0.0,0.10151393877874523,0.039316041448008175,20.0,0.0,40.0,0.0,1.0,0.0,0.020535714285714286,0.037636306326430995,0.0,0.0,0.04071324090749268,0.06956781094538442,0.0,0.0,0.2807153305210787,0.399606161860844,0.0,0.0
naive,prefix-all,40,62,0.9794642877365861,0.0376363012953422,0.9760883998359953,0.03679022539503329,1.0,0.0,0.6788901473794665,0.02721430131084253,0.2639122804892914,0.038338923869172065,0.05719759561387553,0.018925006957610593,0.0,0.0,0.10151393877874523,0.039316041448008175,20.0,0.0,40.0,0.0,1.0,0.0,0.020535714285714286,0.037636306326430995,0.0,0.0,0.04071324090749268,0.06956781094538442,0.0,0.0,0.2807153305210787,0.399606161860844,0.0,0.0
naive,prefix-all,40,70,0.9794642877365861,0.0376363012953422,0.9760883998359953,0.03679022539503329,1.0,0.0,0.6788901473794665,0.02721430131084253,0.2639122804892914,0.038338923869172065,0.05719759561387553,0.018925006957610593,0.0,0.0,0.10151393877874523,0.039316041448008175,20.0,0.0,40.0,0.0,1.0,0.0,0.020535714285714286,0.037636306326430995,0.0,0.0,0.04071324090749268,0.06956781094538442,0.0,0.0,0.2807153305210787,0.399606161860844,0.0,0.0
naive,prefix-all,80,80,0.11121652015884002,0.07485981730605237,0.08125892996282445,0.04571310358056985,0.0,0.0,0.0,0.0,1.0,0.0,0.0,0.0,0.0,0.0,3.3650201495204652,0.7735845931332777,0.0,0.0,80.0,0.0,0.0,0.0,0.8887834821428572,0.07485981510264005,0.0,0.0,0.012899670073020357,0.004965795142678479,0.207298262706906,0.07960593021245542,0.7766134353626868,0.07576461084292291,0.0031886318573867145,0.003057514450320301
naive,prefix-all,80,100,0.9413225523063115,0.028496413025927307,0.9252750119992664,0.02409769198710233,0.95,0.0,0.7426643951662949,0.11334287935675708,0.17839453514307022,0.08068606853463885,0.07894109324336433,0.039540284755384666,0.0,0.0,0.15417163586243982,0.037753069680600736,19.0,0.0,80.0,0.0,1.0,0.0,0.058677455357142805,0.028496412161334233,0.0,0.0,0.022594606072479873,0.009440832484878245,0.0,0.0,0.97740539392752,0.009440832484878215,0.0,0.0
naive,prefix-all,80,101,0.9790178585265364,0.03863154687532754,0.9751875087193079,0.03674069310178858,1.0,0.0,0.7634532515491758,0.16075650550871817,0.1857780470160313,0.13444466461926682,0.05076873251281146,0.03953843306805014,0.0,0.0,0.12856225845670058,0.043925259190282,20.0,0.0,80.0,0.0,1.0,0.0,0.02098214285714286,0.03863155139769638,0.0,0.0,0.006738274868042057,0.011922141014109284,0.0,0.0,0.2789760108462436,0.4764524293444152,0.0,0.0
naive,prefix-all,80,102,0.9790178585265364,0.03863154687532754,0.9751875087193079,0.03674069310178858,1.0,0.0,0.7634532515491758,0.16075650550871817,0.1857780470160313,0.13444466461926682,0.05076873251281146,0.03953843306805014,0.0,0.0,0.12856225845670058,0.043925259190282,20.0,0.0,80.0,0.0,1.0,0.0,0.02098214285714286,0.03863155139769638,0.0,0.0,0.006738274868042057,0.011922141014109284,0.0,0.0,0.2789760108462436,0.4764524293444152,0.0,0.0
naive,prefix-all,80,120,0.9790178585265364,0.03863154687532754,0.9751875087193079,0.03674069310178858,1.0,0.0,0.7634532515491758,0.16075650550871817,0.1857780470160313,0.13444466461926682,0.05076873251281146,0.03953843306805014,0.0,0.0,0.12856225845670058,0.043925259190282,20.0,0.0,80.0,0.0,1.0,0.0,0.02098214285714286,0.03863155139769638,0.0,0.0,0.006738274868042057,0.011922141014109284,0.0,0.0,0.2789760108462436,0.4764524293444152,0.0,0.0
naive,source-only,40,10,0.5765067094138691,0.037682782525250626,0.5486642974359649,0.016007281660170614,0.5,0.0,1.0,0.0,0.0,0.0,0.0,0.0,0.0,0.0,0.09875137744737517,0.0528636700418069,10.0,0.0,0.0,0.0,0.0,0.0,0.42349330357142856,0.03768278111775707,0.0,0.0,0.12855196511112396,0.012370024122842407,0.0,0.0,0.8714480348888759,0.012370024122842419,0.0,0.0
naive,source-only,40,15,0.8037667519279889,0.024140582052480014,0.7742071550914219,0.007362817966866599,0.75,0.0,1.0,0.0,0.0,0.0,0.0,0.0,0.0,0.0,0.12135352583469021,0.05991678857029069,15.0,0.0,0.0,0.0,0.0,0.0,0.19623325892857135,0.024140581356390665,0.0,0.0,0.13027562244247262,0.01915298849268443,0.0,0.0,0.8697243775575274,0.01915298849268438,0.0,0.0
naive,source-only,40,20,1.0,0.0,0.9960446487835475,0.0007632700888025294,1.0,0.0,1.0,0.0,0.0,0.0,0.0,0.0,0.0,0.0,0.04814333280748017,0.012415521685388963,20.0,0.0,0.0,0.0,0.0,0.0,0.0,0.0,0.0,0.0,0.0,0.0,0.0,0.0,0.0,0.0,0.0,0.0
naive,source-only,40,25,1.0,0.0,0.9960446487835475,0.0007632700888025294,1.0,0.0,1.0,0.0,0.0,0.0,0.0,0.0,0.0,0.0,0.04814333280748017,0.012415521685388963,20.0,0.0,0.0,0.0,0.0,0.0,0.0,0.0,0.0,0.0,0.0,0.0,0.0,0.0,0.0,0.0,0.0,0.0
naive,source-only,40,30,1.0,0.0,0.9960446487835475,0.0007632700888025294,1.0,0.0,1.0,0.0,0.0,0.0,0.0,0.0,0.0,0.0,0.04814333280748017,0.012415521685388963,20.0,0.0,0.0,0.0,0.0,0.0,0.0,0.0,0.0,0.0,0.0,0.0,0.0,0.0,0.0,0.0,0.0,0.0
naive,source-only,80,10,0.5853794754615852,0.02513579715393475,0.5517437626549176,0.01311406158214667,0.5,0.0,1.0,0.0,0.0,0.0,0.0,0.0,0.0,0.0,0.1396717320063284,0.04697163482381137,10.0,0.0,0.0,0.0,0.0,0.0,0.41462053571428564,0.02513579770681422,0.0,0.0,0.015380410649884256,0.004570143456070675,0.0,0.0,0.9846195893501157,0.004570143456070692,0.0,0.0
naive,source-only,80,15,0.8064732285482543,0.013687877300439617,0.7849946550301142,0.011988752079332865,0.75,0.0,1.0,0.0,0.0,0.0,0.0,0.0,0.0,0.0,0.13389577280863055,0.03518581361174238,15.0,0.0,0.0,0.0,0.0,0.0,0.1935267857142857,0.013687875946980172,0.0,0.0,0.01915123755877334,0.010919714157595121,0.0,0.0,0.9808487624412267,0.01091971415759512,0.0,0.0
naive,source-only,80,20,0.9999720981078488,7.382146774007182e-05,0.9960062556947981,0.0009884732095179676,1.0,0.0,1.0,0.0,0.0,0.0,0.0,0.0,0.0,0.0,0.047113460654924985,0.009191087974887921,20.0,0.0,0.0,0.0,0.0,0.0,2.7901785714285717e-05,7.38211861346147e-05,0.0,0.0,0.0,0.0,0.0,0.0,0.008928571428571428,0.023622779563076703,0.0,0.0
naive,source-only,80,25,0.9999720981078488,7.382146774007182e-05,0.9960062556947981,0.0009884732095179676,1.0,0.0,1.0,0.0,0.0,0.0,0.0,0.0,0.0,0.0,0.047113460654924985,0.009191087974887921,20.0,0.0,0.0,0.0,0.0,0.0,2.7901785714285717e-05,7.38211861346147e-05,0.0,0.0,0.0,0.0,0.0,0.0,0.008928571428571428,0.023622779563076703,0.0,0.0
naive,source-only,80,30,0.9999720981078488,7.382146774007182e-05,0.9960062556947981,0.0009884732095179676,1.0,0.0,1.0,0.0,0.0,0.0,0.0,0.0,0.0,0.0,0.047113460654924985,0.009191087974887921,20.0,0.0,0.0,0.0,0.0,0.0,2.7901785714285717e-05,7.38211861346147e-05,0.0,0.0,0.0,0.0,0.0,0.0,0.008928571428571428,0.023622779563076703,0.0,0.0
naive,source-pinned-noise-fifo,40,20,1.0,0.0,0.9960446487835475,0.0007632700888025294,1.0,0.0,1.0,0.0,0.0,0.0,0.0,0.0,0.0,0.0,0.04814333280748017,0.012415521685388963,20.0,0.0,0.0,0.0,0.0,0.0,0.0,0.0,0.0,0.0,0.0,0.0,0.0,0.0,0.0,0.0,0.0,0.0
naive,source-pinned-noise-fifo,40,25,1.0,0.0,0.9961008987767356,0.0005466908314726894,1.0,0.0,0.9999669699796608,2.93627060608981e-05,3.3040679543968766e-05,2.9361003628683287e-05,0.0,0.0,0.0,0.0,0.05251635311703593,0.010619759474179237,20.0,0.0,5.0,0.0,0.0,0.0,0.0,0.0,0.0,0.0,0.0,0.0,0.0,0.0,0.0,0.0,0.0,0.0
naive,source-pinned-noise-fifo,40,30,1.0,0.0,0.9961107201405933,0.0006387301940384416,1.0,0.0,0.9999432883092335,3.661421381070151e-05,5.672646635243187e-05,3.660906354034409e-05,0.0,0.0,0.0,0.0,0.05650765947731474,0.016372682139630924,20.0,0.0,10.0,0.0,0.0,0.0,0.0,0.0,0.0,0.0,0.0,0.0,0.0,0.0,0.0,0.0,0.0,0.0
naive,source-pinned-noise-fifo,40,40,1.0,0.0,0.9956071496350424,0.000714537261171704,1.0,0.0,0.9999335967004299,4.033137289886256e-05,6.642038204062179e-05,4.033214551074323e-05,0.0,0.0,0.0,0.0,0.05294748262635296,0.008292766850734243,20.0,0.0,20.0,0.0,0.0,0.0,0.0,0.0,0.0,0.0,0.0,0.0,0.0,0.0,0.0,0.0,0.0,0.0
naive,source-pinned-noise-fifo,40,60,1.0,0.0,0.9950312576804842,0.000940299286695471,1.0,0.0,0.9574973024427891,0.112318014968718,0.042502720299414216,0.1123180147967057,0.0,0.0,0.0,0.0,0.07764819779965491,0.03564042631155863,20.0,0.0,40.0,0.0,0.0,0.0,0.0,0.0,0.0,0.0,0.0,0.0,0.0,0.0,0.0,0.0,0.0,0.0
naive,source-pinned-noise-fifo,40,80,1.0,0.0,0.9950312576804842,0.000940299286695471,1.0,0.0,0.9574973024427891,0.112318014968718,0.042502720299414216,0.1123180147967057,0.0,0.0,0.0,0.0,0.07764819779965491,0.03564042631155863,20.0,0.0,40.0,0.0,0.0,0.0,0.0,0.0,0.0,0.0,0.0,0.0,0.0,0.0,0.0,0.0,0.0,0.0
naive,source-pinned-noise-fifo,40,100,1.0,0.0,0.9950312576804842,0.000940299286695471,1.0,0.0,0.9574973024427891,0.112318014968718,0.042502720299414216,0.1123180147967057,0.0,0.0,0.0,0.0,0.07764819779965491,0.03564042631155863,20.0,0.0,40.0,0.0,0.0,0.0,0.0,0.0,0.0,0.0,0.0,0.0,0.0,0.0,0.0,0.0,0.0,0.0
naive,source-pinned-noise-fifo,80,20,0.9999720981078488,7.382146774007182e-05,0.9960062556947981,0.0009884732095179676,1.0,0.0,1.0,0.0,0.0,0.0,0.0,0.0,0.0,0.0,0.047113460654924985,0.009191087974887921,20.0,0.0,0.0,0.0,0.0,0.0,2.7901785714285717e-05,7.38211861346147e-05,0.0,0.0,0.0,0.0,0.0,0.0,0.008928571428571428,0.023622779563076703,0.0,0.0
naive,source-pinned-noise-fifo,80,25,1.0,0.0,0.9956982209171567,0.00034964052399082905,1.0,0.0,0.999881389950003,0.00012080881990911215,0.0001186241009106232,0.00012080563153604841,0.0,0.0,0.0,0.0,0.058605008924912085,0.012080477878032181,20.0,0.0,5.0,0.0,0.0,0.0,0.0,0.0,0.0,0.0,0.0,0.0,0.0,0.0,0.0,0.0,0.0,0.0
naive,source-pinned-noise-fifo,80,30,0.9999720981078488,7.38214677400963e-05,0.9953017933879581,0.000570060473196346,1.0,0.0,0.9999291098543576,4.9623449373780505e-05,7.091008181499137e-05,4.9621443865627e-05,0.0,0.0,0.0,0.0,0.05497931259950351,0.006385856406337578,20.0,0.0,10.0,0.0,0.0,0.0,2.7901785714285717e-05,7.38211861346147e-05,0.0,0.0,0.0,0.0,0.0,0.0,0.008928571428571428,0.023622779563076703,0.0,0.0
naive,source-pinned-noise-fifo,80,40,1.0,0.0,0.995488400050572,0.0009558420785048335,1.0,0.0,0.9999613400016513,3.1414306217966776e-05,3.868208497286625e-05,3.141011447482453e-05,0.0,0.0,0.0,0.0,0.05610144647237442,0.006596392288476446,20.0,0.0,20.0,0.0,0.0,0.0,0.0,0.0,0.0,0.0,0.0,0.0,0.0,0.0,0.0,0.0,0.0,0.0
naive,source-pinned-noise-fifo,80,60,1.0,0.0,0.9949553656407765,0.0009490619640329561,1.0,0.0,0.9999459625354835,2.461588362602623e-05,5.406133522812098e-05,2.4613037288612102e-05,0.0,0.0,0.0,0.0,0.0743641198745795,0.014541869131611753,20.0,0.0,40.0,0.0,0.0,0.0,0.0,0.0,0.0,0.0,0.0,0.0,0.0,0.0,0.0,0.0,0.0,0.0
naive,source-pinned-noise-fifo,80,80,1.0,0.0,0.9940848310504641,0.001769956625361551,1.0,0.0,0.9999187301312175,5.675278568326296e-05,8.129746076484727e-05,5.674490648412058e-05,0.0,0.0,0.0,0.0,0.07656294879104404,0.01588581042903366,20.0,0.0,60.0,0.0,0.0,0.0,0.0,0.0,0.0,0.0,0.0,0.0,0.0,0.0,0.0,0.0,0.0,0.0
naive,source-pinned-noise-fifo,80,100,0.9999720981078488,7.382146774005079e-05,0.9945937592472349,0.00034678533142824727,1.0,0.0,0.9998861024422305,7.862939762226643e-05,0.00011391847153515966,7.863202610450602e-05,0.0,0.0,0.0,0.0,0.07173325826546971,0.007290397576656097,20.0,0.0,80.0,0.0,0.0,0.0,2.7901785714285717e-05,7.38211861346147e-05,0.0,0.0,0.0,0.0,0.0,0.0,0.008928571428571428,0.023622779563076703,0.0,0.0
