model,write_mode,delay_len,max_mem,metric,mean,std,min,max,n_seeds
gated,prefix-all,40,50,acc_mean_tail,0.7386214401551656,0.0252739788472072,0.7163875116109848,0.7661062617301941,7
gated,prefix-all,40,50,attn_entropy,0.01485837762343827,0.009938748093017445,0.0095854184473864,0.0369420901406556,7
gated,prefix-all,40,50,attn_mass_noise,0.2215582511520811,0.026713741213630966,0.2000559084117412,0.2501614969223737,7
gated,prefix-all,40,50,attn_mass_other,0.0,0.0,0.0,0.0,7
gated,prefix-all,40,50,attn_mass_sep,0.07752317140278,0.025885222379207193,0.0499276916962116,0.1001037722453475,7
gated,prefix-all,40,50,attn_mass_source,0.7009186031562942,0.0027731273853411256,0.6996509283781052,0.7072030492126942,7
gated,prefix-all,40,50,err_both_source_and_noise_rate,0.8696011661680562,0.013249474946924083,0.8562140945592955,0.8905355768833985,7
gated,prefix-all,40,50,err_noise_only_rate,0.0,0.0,0.0,0.0,7
gated,prefix-all,40,50,err_other_rate,0.0,0.0,0.0,0.0,7
gated,prefix-all,40,50,err_sep_rate,0.0,0.0,0.0,0.0,7
gated,prefix-all,40,50,err_source_only_rate,0.1303988338319438,0.013249474946924128,0.1094644231166014,0.1437859054407046,7
gated,prefix-all,40,50,eval_acc,0.746791305818728,0.025175838728589132,0.7195312567055225,0.772851575165987,7
gated,prefix-all,40,50,eval_error_rate,0.25320870535714285,0.025175838612023223,0.2271484375,0.28046875,7
gated,prefix-all,40,50,mem_noise_entries,40.0,0.0,40.0,40.0,7
gated,prefix-all,40,50,mem_sep_entries,1.0,0.0,1.0,1.0,7
gated,prefix-all,40,50,mem_source_entries,9.0,0.0,9.0,9.0,7
gated,prefix-all,40,50,source_survival_rate,0.45,0.0,0.45,0.45,7
gated,prefix-all,40,60,acc_mean_tail,0.9497169753823961,0.019459074126342436,0.9199812628030776,0.9725812615156174,7
gated,prefix-all,40,60,attn_entropy,0.1234769649537546,0.026205068189924876,0.0891102151945233,0.1619458431378007,7
gated,prefix-all,40,60,attn_mass_noise,0.21630276478166313,0.10378991682935458,5.5341376310025225e-05,0.3000318668782711,7
gated,prefix-all,40,60,attn_mass_other,0.0,0.0,0.0,0.0,7
gated,prefix-all,40,60,attn_mass_sep,0.04810335946873064,0.029741454763251282,1.1446470189468982e-06,0.1012785234488546,7
gated,prefix-all,40,60,attn_mass_source,0.7355938968913895,0.1214601060963456,0.6499976962804794,0.9999435245990752,7
gated,prefix-all,40,60,err_both_source_and_noise_rate,0.8437875333009538,0.03509113286050098,0.8034403096903098,0.8903450715950718,7
gated,prefix-all,40,60,err_noise_only_rate,0.0,0.0,0.0,0.0,7
gated,prefix-all,40,60,err_other_rate,0.0,0.0,0.0,0.0,7
gated,prefix-all,40,60,err_sep_rate,0.0,0.0,0.0,0.0,7
gated,prefix-all,40,60,err_source_only_rate,0.12942675241333185,0.036993927916553364,0.0729166666666666,0.1965596903096902,7
gated,prefix-all,40,60,eval_acc,0.9707589431532792,0.02064707274117299,0.9451171979308128,0.9933593906462193,7
gated,prefix-all,40,60,eval_error_rate,0.0292410714285714,0.020647070059602403,0.006640625,0.0548828125,7
gated,prefix-all,40,60,mem_noise_entries,40.0,0.0,40.0,40.0,7
gated,prefix-all,40,60,mem_sep_entries,1.0,0.0,1.0,1.0,7
gated,prefix-all,40,60,mem_source_entries,19.0,0.0,19.0,19.0,7
gated,prefix-all,40,60,source_survival_rate,0.95,0.0,0.95,0.95,7
gated,prefix-all,40,61,acc_mean_tail,0.9896892909663063,0.01793352192345399,0.9490250084400176,0.996937503695488,7
gated,prefix-all,40,61,attn_entropy,0.09256817842833695,0.045387745672262114,0.0201925355941057,0.1325272740796208,7
gated,prefix-all,40,61,attn_mass_noise,0.20694275866066744,0.10546904771173875,1.5115398241505318e-05,0.2994801327586174,7
gated,prefix-all,40,61,attn_mass_other,0.0,0.0,0.0,0.0,7
gated,prefix-all,40,61,attn_mass_sep,0.05003272304868132,0.028863409857290648,1.251803882951208e-05,0.0999982128851115,7
gated,prefix-all,40,61,attn_mass_source,0.7430245423955577,0.12369896661654728,0.6504509747028351,0.9999724067747592,7
gated,prefix-all,40,61,err_both_source_and_noise_rate,0.13297480049712193,0.32509384475601616,0.0,0.8683236034798536,7
gated,prefix-all,40,61,err_noise_only_rate,0.0,0.0,0.0,0.0,7
gated,prefix-all,40,61,err_other_rate,0.0,0.0,0.0,0.0,7
gated,prefix-all,40,61,err_sep_rate,0.0,0.0,0.0,0.0,7
gated,prefix-all,40,61,err_source_only_rate,0.01881091378859236,0.049768999818491214,0.0,0.1316763965201465,7
gated,prefix-all,40,61,eval_acc,0.993219865752118,0.01785257241889683,0.952734373509884,1.0,7
gated,prefix-all,40,61,eval_error_rate,0.006780133928571429,0.01785257190149234,0.0,0.047265625,7
gated,prefix-all,40,61,mem_noise_entries,40.0,0.0,40.0,40.0,7
gated,prefix-all,40,61,mem_sep_entries,1.0,0.0,1.0,1.0,7
gated,prefix-all,40,61,mem_source_entries,20.0,0.0,20.0,20.0,7
gated,prefix-all,40,61,source_survival_rate,1.0,0.0,1.0,1.0,7
gated,prefix-all,40,62,acc_mean_tail,0.9896892909663063,0.01793352192345399,0.9490250084400176,0.996937503695488,7
gated,prefix-all,40,62,attn_entropy,0.09256817842833695,0.045387745672262114,0.0201925355941057,0.1325272740796208,7
gated,prefix-all,40,62,attn_mass_noise,0.20694275866066744,0.10546904771173875,1.5115398241505318e-05,0.2994801327586174,7
gated,prefix-all,40,62,attn_mass_other,0.0,0.0,0.0,0.0,7
gated,prefix-all,40,62,attn_mass_sep,0.05003272304868132,0.028863409857290648,1.251803882951208e-05,0.0999982128851115,7
gated,prefix-all,40,62,attn_mass_source,0.7430245423955577,0.12369896661654728,0.6504509747028351,0.9999724067747592,7
gated,prefix-all,40,62,err_both_source_and_noise_rate,0.13297480049712193,0.32509384475601616,0.0,0.8683236034798536,7
gated,prefix-all,40,62,err_noise_only_rate,0.0,0.0,0.0,0.0,7
gated,prefix-all,40,62,err_other_rate,0.0,0.0,0.0,0.0,7
gated,prefix-all,40,62,err_sep_rate,0.0,0.0,0.0,0.0,7
gated,prefix-all,40,62,err_source_only_rate,0.01881091378859236,0.049768999818491214,0.0,0.1316763965201465,7
gated,prefix-all,40,62,eval_acc,0.993219865752118,0.01785257241889683,0.952734373509884,1.0,7
gated,prefix-all,40,62,eval_error_rate,0.006780133928571429,0.01785257190149234,0.0,0.047265625,7
gated,prefix-all,40,62,mem_noise_entries,40.0,0.0,40.0,40.0,7
gated,prefix-all,40,62,mem_sep_entries,1.0,0.0,1.0,1.0,7
gated,prefix-all,40,62,mem_source_entries,20.0,0.0,20.0,20.0,7
gated,prefix-all,40,62,source_survival_rate,1.0,0.0,1.0,1.0,7
gated,prefix-all,40,70,acc_mean_tail,0.9896892909663063,0.01793352192345399,0.9490250084400176,0.996937503695488,7
gated,prefix-all,40,70,attn_entropy,0.09256817842833695,0.045387745672262114,0.0201925355941057,0.1325272740796208,7
gated,prefix-all,40,70,attn_mass_noise,0.20694275866066744,0.10546904771173875,1.5115398241505318e-05,0.2994801327586174,7
gated,prefix-all,40,70,attn_mass_other,0.0,0.0,0.0,0.0,7
gated,prefix-all,40,70,attn_mass_sep,0.05003272304868132,0.028863409857290648,1.251803882951208e-05,0.0999982128851115,7
gated,prefix-all,40,70,attn_mass_source,0.7430245423955577,0.12369896661654728,0.6504509747028351,0.9999724067747592,7
gated,prefix-all,40,70,err_both_source_and_noise_rate,0.13297480049712193,0.32509384475601616,0.0,0.8683236034798536,7
gated,prefix-all,40,70,err_noise_only_rate,0.0,0.0,0.0,0.0,7
gated,prefix-all,40,70,err_other_rate,0.0,0.0,0.0,0.0,7
gated,prefix-all,40,70,err_sep_rate,0.0,0.0,0.0,0.0,7
gated,prefix-all,40,70,err_source_only_rate,0.01881091378859236,0.049768999818491214,0.0,0.1316763965201465,7
gated,prefix-all,40,70,eval_acc,0.993219865752118,0.01785257241889683,0.952734373509884,1.0,7
gated,prefix-all,40,70,eval_error_rate,0.006780133928571429,0.01785257190149234,0.0,0.047265625,7
gated,prefix-all,40,70,mem_noise_entries,40.0,0.0,40.0,40.0,7
gated,prefix-all,40,70,mem_sep_entries,1.0,0.0,1.0,1.0,7
gated,prefix-all,40,70,mem_source_entries,20.0,0.0,20.0,20.0,7
gated,prefix-all,40,70,source_survival_rate,1.0,0.0,1.0,1.0,7
gated,prefix-all,80,80,acc_mean_tail,0.14055000242697338,0.06575114131211175,0.0902812516391277,0.2744250054657459,7
gated,prefix-all,80,80,attn_entropy,3.1680059411696027,0.4454546286648196,2.238143891096115,3.503477320075035,7
gated,prefix-all,80,80,attn_mass_noise,1.0,0.0,1.0,1.0,7
gated,prefix-all,80,80,attn_mass_other,0.0,0.0,0.0,0.0,7
gated,prefix-all,80,80,attn_mass_sep,0.0,0.0,0.0,0.0,7
gated,prefix-all,80,80,attn_mass_source,0.0,0.0,0.0,0.0,7
gated,prefix-all,80,80,err_both_source_and_noise_rate,0.7157386077436937,0.06440061391676018,0.6025406776362826,0.8157295895449229,7
gated,prefix-all,80,80,err_noise_only_rate,0.2708500502205435,0.06453722561759727,0.1696141324259435,0.3779066296305051,7
gated,prefix-all,80,80,err_other_rate,0.004779124606398742,0.003039612127107018,0.0,0.0088210479047591,7
gated,prefix-all,80,80,err_sep_rate,0.0,0.0,0.0,0.0,7
gated,prefix-all,80,80,err_source_only_rate,0.00863221742936397,0.003918834040966601,0.0035743208232408,0.0127530363420829,7
gated,prefix-all,80,80,eval_acc,0.19048549474350038,0.0991118564959272,0.1056640646420419,0.3361328169703483,7
gated,prefix-all,80,80,eval_error_rate,0.8095145089285715,0.09911185457541476,0.6638671875,0.8943359375000002,7
gated,prefix-all,80,80,mem_noise_entries,80.0,0.0,80.0,80.0,7
gated,prefix-all,80,80,mem_sep_entries,0.0,0.0,0.0,0.0,7
gated,prefix-all,80,80,mem_source_entries,0.0,0.0,0.0,0.0,7
gated,prefix-all,80,80,source_survival_rate,0.0,0.0,0.0,0.0,7
gated,prefix-all,80,100,acc_mean_tail,0.9384053689411708,0.025820194628532873,0.9080000120401382,0.9710812621116638,7
gated,prefix-all,80,100,attn_entropy,0.13216491735407282,0.028344247178506303,0.0907879117876291,0.1610167799517512,7
gated,prefix-all,80,100,attn_mass_noise,0.17640571509088784,0.036167264741562934,0.1002335716038942,0.2000258974730968,7
gated,prefix-all,80,100,attn_mass_other,0.0,0.0,0.0,0.0,7
gated,prefix-all,80,100,attn_mass_sep,0.07857117888384625,0.026575249216163787,0.0491853486746549,0.1000515758059918,7
gated,prefix-all,80,100,attn_mass_source,0.7450231287096228,0.050617955929576186,0.7001065313816071,0.8484905324876308,7
gated,prefix-all,80,100,err_both_source_and_noise_rate,0.9264342250057919,0.1353166595569703,0.625,1.0,7
gated,prefix-all,80,100,err_noise_only_rate,0.0,0.0,0.0,0.0,7
gated,prefix-all,80,100,err_other_rate,0.0,0.0,0.0,0.0,7
gated,prefix-all,80,100,err_sep_rate,0.0,0.0,0.0,0.0,7
gated,prefix-all,80,100,err_source_only_rate,0.019994346422779613,0.019876747945411315,0.0,0.0625,7
gated,prefix-all,80,100,eval_acc,0.964481038174459,0.026582461626050585,0.9382812567055224,0.995703123509884,7
gated,prefix-all,80,100,eval_error_rate,0.03551897321428564,0.026582461424675227,0.0042968749999999,0.0617187499999999,7
gated,prefix-all,80,100,mem_noise_entries,80.0,0.0,80.0,80.0,7
gated,prefix-all,80,100,mem_sep_entries,1.0,0.0,1.0,1.0,7
gated,prefix-all,80,100,mem_source_entries,19.0,0.0,19.0,19.0,7
gated,prefix-all,80,100,source_survival_rate,0.95,0.0,0.95,0.95,7
gated,prefix-all,80,101,acc_mean_tail,0.9961008985042572,0.0005674130895593344,0.9952437579631804,0.9968437546491624,7
gated,prefix-all,80,101,attn_entropy,0.07857338954428474,0.030148407717840314,0.0442305041942745,0.1371150212362408,7
gated,prefix-all,80,101,attn_mass_noise,0.27421013452112675,0.025099109756189057,0.243758893571794,0.3003499805927276,7
gated,prefix-all,80,101,attn_mass_other,0.0,0.0,0.0,0.0,7
gated,prefix-all,80,101,attn_mass_sep,0.04609169932414906,0.007415335996316293,0.0309290121076628,0.05026201531291,7
gated,prefix-all,80,101,attn_mass_source,0.6796981926475253,0.027656869012917046,0.6496556289494038,0.7062143795192242,7
gated,prefix-all,80,101,err_both_source_and_noise_rate,0.008928571428571428,0.023622779563076703,0.0,0.0625,7
gated,prefix-all,80,101,err_noise_only_rate,0.0,0.0,0.0,0.0,7
gated,prefix-all,80,101,err_other_rate,0.0,0.0,0.0,0.0,7
gated,prefix-all,80,101,err_sep_rate,0.0,0.0,0.0,0.0,7
gated,prefix-all,80,101,err_source_only_rate,0.0,0.0,0.0,0.0,7
gated,prefix-all,80,101,eval_acc,0.9999720981078488,7.382146774005404e-05,0.999804686754942,1.0,7
gated,prefix-all,80,101,eval_error_rate,2.7901785714285717e-05,7.382118613461469e-05,0.0,0.0001953125,7
gated,prefix-all,80,101,mem_noise_entries,80.0,0.0,80.0,80.0,7
gated,prefix-all,80,101,mem_sep_entries,1.0,0.0,1.0,1.0,7
gated,prefix-all,80,101,mem_source_entries,20.0,0.0,20.0,20.0,7
gated,prefix-all,80,101,source_survival_rate,1.0,0.0,1.0,1.0,7
gated,prefix-all,80,102,acc_mean_tail,0.9961008985042572,0.0005674130895593344,0.9952437579631804,0.9968437546491624,7
gated,prefix-all,80,102,attn_entropy,0.07857338954428474,0.030148407717840314,0.0442305041942745,0.1371150212362408,7
gated,prefix-all,80,102,attn_mass_noise,0.27421013452112675,0.025099109756189057,0.243758893571794,0.3003499805927276,7
gated,prefix-all,80,102,attn_mass_other,0.0,0.0,0.0,0.0,7
gated,prefix-all,80,102,attn_mass_sep,0.04609169932414906,0.007415335996316293,0.0309290121076628,0.05026201531291,7
gated,prefix-all,80,102,attn_mass_source,0.6796981926475253,0.027656869012917046,0.6496556289494038,0.7062143795192242,7
gated,prefix-all,80,102,err_both_source_and_noise_rate,0.008928571428571428,0.023622779563076703,0.0,0.0625,7
gated,prefix-all,80,102,err_noise_only_rate,0.0,0.0,0.0,0.0,7
gated,prefix-all,80,102,err_other_rate,0.0,0.0,0.0,0.0,7
gated,prefix-all,80,102,err_sep_rate,0.0,0.0,0.0,0.0,7
gated,prefix-all,80,102,err_source_only_rate,0.0,0.0,0.0,0.0,7
gated,prefix-all,80,102,eval_acc,0.9999720981078488,7.382146774005404e-05,0.999804686754942,1.0,7
gated,prefix-all,80,102,eval_error_rate,2.7901785714285717e-05,7.382118613461469e-05,0.0,0.0001953125,7
gated,prefix-all,80,102,mem_noise_entries,80.0,0.0,80.0,80.0,7
gated,prefix-all,80,102,mem_sep_entries,1.0,0.0,1.0,1.0,7
gated,prefix-all,80,102,mem_source_entries,20.0,0.0,20.0,20.0,7
gated,prefix-all,80,102,source_survival_rate,1.0,0.0,1.0,1.0,7
gated,prefix-all,80,120,acc_mean_tail,0.9961008985042572,0.0005674130895593344,0.9952437579631804,0.9968437546491624,7
gated,prefix-all,80,120,attn_entropy,0.07857338954428474,0.030148407717840314,0.0442305041942745,0.1371150212362408,7
gated,prefix-all,80,120,attn_mass_noise,0.27421013452112675,0.025099109756189057,0.243758893571794,0.3003499805927276,7
gated,prefix-all,80,120,attn_mass_other,0.0,0.0,0.0,0.0,7
gated,prefix-all,80,120,attn_mass_sep,0.04609169932414906,0.007415335996316293,0.0309290121076628,0.05026201531291,7
gated,prefix-all,80,120,attn_mass_source,0.6796981926475253,0.027656869012917046,0.6496556289494038,0.7062143795192242,7
gated,prefix-all,80,120,err_both_source_and_noise_rate,0.008928571428571428,0.023622779563076703,0.0,0.0625,7
gated,prefix-all,80,120,err_noise_only_rate,0.0,0.0,0.0,0.0,7
gated,prefix-all,80,120,err_other_rate,0.0,0.0,0.0,0.0,7
gated,prefix-all,80,120,err_sep_rate,0.0,0.0,0.0,0.0,7
gated,prefix-all,80,120,err_source_only_rate,0.0,0.0,0.0,0.0,7
gated,prefix-all,80,120,eval_acc,0.9999720981078488,7.382146774005404e-05,0.999804686754942,1.0,7
gated,prefix-all,80,120,eval_error_rate,2.7901785714285717e-05,7.382118613461469e-05,0.0,0.0001953125,7
gated,prefix-all,80,120,mem_noise_entries,80.0,0.0,80.0,80.0,7
gated,prefix-all,80,120,mem_sep_entries,1.0,0.0,1.0,1.0,7
gated,prefix-all,80,120,mem_source_entries,20.0,0.0,20.0,20.0,7
gated,prefix-all,80,120,source_survival_rate,1.0,0.0,1.0,1.0,7
gated,source-only,40,10,acc_mean_tail,0.5517991187572479,0.018561852844717813,0.5352312623262405,0.5892312611341477,7
gated,source-only,40,10,attn_entropy,0.05923092095015035,0.03552983096787366,0.0140112776425667,0.1089644669555127,7
gated,source-only,40,10,attn_mass_noise,0.0,0.0,0.0,0.0,7
gated,source-only,40,10,attn_mass_other,0.0,0.0,0.0,0.0,7
gated,source-only,40,10,attn_mass_sep,0.0,0.0,0.0,0.0,7
gated,source-only,40,10,attn_mass_source,1.0,0.0,1.0,1.0,7
gated,source-only,40,10,err_both_source_and_noise_rate,0.874147615613205,0.009606015410729609,0.8597656178074721,0.8906357597594411,7
gated,source-only,40,10,err_noise_only_rate,0.0,0.0,0.0,0.0,7
gated,source-only,40,10,err_other_rate,0.0,0.0,0.0,0.0,7
gated,source-only,40,10,err_sep_rate,0.0,0.0,0.0,0.0,7
gated,source-only,40,10,err_source_only_rate,0.12585238438679494,0.009606015410729649,0.1093642402405587,0.1402343821925278,7
gated,source-only,40,10,eval_acc,0.5767299229545253,0.02425296379742254,0.5468750111758709,0.6193359456956387,7
gated,source-only,40,10,eval_error_rate,0.42327008928571425,0.024252965522009777,0.3806640624999999,0.453125,7
gated,source-only,40,10,mem_noise_entries,0.0,0.0,0.0,0.0,7
gated,source-only,40,10,mem_sep_entries,0.0,0.0,0.0,0.0,7
gated,source-only,40,10,mem_source_entries,10.0,0.0,10.0,10.0,7
gated,source-only,40,10,source_survival_rate,0.5,0.0,0.5,0.5,7
gated,source-only,40,15,acc_mean_tail,0.7506884051220758,0.028721552569308532,0.7035375120639801,0.7726562632322311,7
gated,source-only,40,15,attn_entropy,0.08703894111593916,0.052615590826009195,0.0492093218490481,0.1664513135328889,7
gated,source-only,40,15,attn_mass_noise,0.0,0.0,0.0,0.0,7
gated,source-only,40,15,attn_mass_other,0.0,0.0,0.0,0.0,7
gated,source-only,40,15,attn_mass_sep,0.0,0.0,0.0,0.0,7
gated,source-only,40,15,attn_mass_source,1.0,0.0,1.0,1.0,7
gated,source-only,40,15,err_both_source_and_noise_rate,0.8675818611804588,0.0233351190715694,0.8449643734384112,0.9136903872972748,7
gated,source-only,40,15,err_noise_only_rate,0.0,0.0,0.0,0.0,7
gated,source-only,40,15,err_other_rate,0.0,0.0,0.0,0.0,7
gated,source-only,40,15,err_sep_rate,0.0,0.0,0.0,0.0,7
gated,source-only,40,15,err_source_only_rate,0.1324181388195412,0.02333511907156945,0.086309612702725,0.1550356265615888,7
gated,source-only,40,15,eval_acc,0.7626116201281548,0.022871267491262743,0.7146484516561031,0.7812500111758709,7
gated,source-only,40,15,eval_error_rate,0.23738839285714278,0.02287126808585607,0.2187499999999999,0.2853515625,7
gated,source-only,40,15,mem_noise_entries,0.0,0.0,0.0,0.0,7
gated,source-only,40,15,mem_sep_entries,0.0,0.0,0.0,0.0,7
gated,source-only,40,15,mem_source_entries,15.0,0.0,15.0,15.0,7
gated,source-only,40,15,source_survival_rate,0.75,0.0,0.75,0.75,7
gated,source-only,40,20,acc_mean_tail,0.9964901830979755,0.0005952471797940787,0.9957250069379806,0.99740625166893,7
gated,source-only,40,20,attn_entropy,0.03691500654843231,0.01262636538432478,0.0243564860429614,0.062936603790149,7
gated,source-only,40,20,attn_mass_noise,0.0,0.0,0.0,0.0,7
gated,source-only,40,20,attn_mass_other,0.0,0.0,0.0,0.0,7
gated,source-only,40,20,attn_mass_sep,0.0,0.0,0.0,0.0,7
gated,source-only,40,20,attn_mass_source,1.0,0.0,1.0,1.0,7
gated,source-only,40,20,err_both_source_and_noise_rate,0.0,0.0,0.0,0.0,7
gated,source-only,40,20,err_noise_only_rate,0.0,0.0,0.0,0.0,7
gated,source-only,40,20,err_other_rate,0.0,0.0,0.0,0.0,7
gated,source-only,40,20,err_sep_rate,0.0,0.0,0.0,0.0,7
gated,source-only,40,20,err_source_only_rate,0.0,0.0,0.0,0.0,7
gated,source-only,40,20,eval_acc,1.0,0.0,1.0,1.0,7
gated,source-only,40,20,eval_error_rate,0.0,0.0,0.0,0.0,7
gated,source-only,40,20,mem_noise_entries,0.0,0.0,0.0,0.0,7
gated,source-only,40,20,mem_sep_entries,0.0,0.0,0.0,0.0,7
gated,source-only,40,20,mem_source_entries,20.0,0.0,20.0,20.0,7
gated,source-only,40,20,source_survival_rate,1.0,0.0,1.0,1.0,7
gated,source-only,40,25,acc_mean_tail,0.9964901830979755,0.0005952471797940787,0.9957250069379806,0.99740625166893,7
gated,source-only,40,25,attn_entropy,0.03691500654843231,0.01262636538432478,0.0243564860429614,0.062936603790149,7
gated,source-only,40,25,attn_mass_noise,0.0,0.0,0.0,0.0,7
gated,source-only,40,25,attn_mass_other,0.0,0.0,0.0,0.0,7
gated,source-only,40,25,attn_mass_sep,0.0,0.0,0.0,0.0,7
gated,source-only,40,25,attn_mass_source,1.0,0.0,1.0,1.0,7
gated,source-only,40,25,err_both_source_and_noise_rate,0.0,0.0,0.0,0.0,7
gated,source-only,40,25,err_noise_only_rate,0.0,0.0,0.0,0.0,7
gated,source-only,40,25,err_other_rate,0.0,0.0,0.0,0.0,7
gated,source-only,40,25,err_sep_rate,0.0,0.0,0.0,0.0,7
gated,source-only,40,25,err_source_only_rate,0.0,0.0,0.0,0.0,7
gated,source-only,40,25,eval_acc,1.0,0.0,1.0,1.0,7
gated,source-only,40,25,eval_error_rate,0.0,0.0,0.0,0.0,7
gated,source-only,40,25,mem_noise_entries,0.0,0.0,0.0,0.0,7
gated,source-only,40,25,mem_sep_entries,0.0,0.0,0.0,0.0,7
gated,source-only,40,25,mem_source_entries,20.0,0.0,20.0,20.0,7
gated,source-only,40,25,source_survival_rate,1.0,0.0,1.0,1.0,7
gated,source-only,40,30,acc_mean_tail,0.9964901830979755,0.0005952471797940787,0.9957250069379806,0.99740625166893,7
gated,source-only,40,30,attn_entropy,0.03691500654843231,0.01262636538432478,0.0243564860429614,0.062936603790149,7
gated,source-only,40,30,attn_mass_noise,0.0,0.0,0.0,0.0,7
gated,source-only,40,30,attn_mass_other,0.0,0.0,0.0,0.0,7
gated,source-only,40,30,attn_mass_sep,0.0,0.0,0.0,0.0,7
gated,source-only,40,30,attn_mass_source,1.0,0.0,1.0,1.0,7
gated,source-only,40,30,err_both_source_and_noise_rate,0.0,0.0,0.0,0.0,7
gated,source-only,40,30,err_noise_only_rate,0.0,0.0,0.0,0.0,7
gated,source-only,40,30,err_other_rate,0.0,0.0,0.0,0.0,7
gated,source-only,40,30,err_sep_rate,0.0,0.0,0.0,0.0,7
gated,source-only,40,30,err_source_only_rate,0.0,0.0,0.0,0.0,7
gated,source-only,40,30,eval_acc,1.0,0.0,1.0,1.0,7
gated,source-only,40,30,eval_error_rate,0.0,0.0,0.0,0.0,7
gated,source-only,40,30,mem_noise_entries,0.0,0.0,0.0,0.0,7
gated,source-only,40,30,mem_sep_entries,0.0,0.0,0.0,0.0,7
gated,source-only,40,30,mem_source_entries,20.0,0.0,20.0,20.0,7
gated,source-only,40,30,source_survival_rate,1.0,0.0,1.0,1.0,7
gated,source-only,80,10,acc_mean_tail,0.5470571544510977,0.009639554762142243,0.5301812611818314,0.5577375118732453,7
gated,source-only,80,10,attn_entropy,0.05587316266194511,0.0193711404310501,0.0165052994852885,0.0779547877609729,7
gated,source-only,80,10,attn_mass_noise,0.0,0.0,0.0,0.0,7
gated,source-only,80,10,attn_mass_other,0.0,0.0,0.0,0.0,7
gated,source-only,80,10,attn_mass_sep,0.0,0.0,0.0,0.0,7
gated,source-only,80,10,attn_mass_source,1.0,0.0,1.0,1.0,7
gated,source-only,80,10,err_both_source_and_noise_rate,0.9810213267411766,0.003475156692017141,0.978126212474484,0.9881560986221016,7
gated,source-only,80,10,err_noise_only_rate,0.0,0.0,0.0,0.0,7
gated,source-only,80,10,err_other_rate,0.0,0.0,0.0,0.0,7
gated,source-only,80,10,err_sep_rate,0.0,0.0,0.0,0.0,7
gated,source-only,80,10,err_source_only_rate,0.018978673258823374,0.0034751566920170765,0.0118439013778985,0.0218737875255161,7
gated,source-only,80,10,eval_acc,0.5692801470203059,0.015563729348079848,0.534375011920929,0.5798828303813934,7
gated,source-only,80,10,eval_error_rate,0.4307198660714286,0.015563728451825815,0.4201171875,0.465625,7
gated,source-only,80,10,mem_noise_entries,0.0,0.0,0.0,0.0,7
gated,source-only,80,10,mem_sep_entries,0.0,0.0,0.0,0.0,7
gated,source-only,80,10,mem_source_entries,10.0,0.0,10.0,10.0,7
gated,source-only,80,10,source_survival_rate,0.5,0.0,0.5,0.5,7
gated,source-only,80,15,acc_mean_tail,0.7605330475228174,0.03809202048840218,0.7110625110864639,0.8236812616586685,7
gated,source-only,80,15,attn_entropy,0.10207876451646107,0.07115609416492023,0.0306921628070995,0.1960773216560483,7
gated,source-only,80,15,attn_mass_noise,0.0,0.0,0.0,0.0,7
gated,source-only,80,15,attn_mass_other,0.0,0.0,0.0,0.0,7
gated,source-only,80,15,attn_mass_sep,0.0,0.0,0.0,0.0,7
gated,source-only,80,15,attn_mass_source,1.0,0.0,1.0,1.0,7
gated,source-only,80,15,err_both_source_and_noise_rate,0.980900591613093,0.004533247344688538,0.9744548553063326,0.9874985182550972,7
gated,source-only,80,15,err_noise_only_rate,0.0,0.0,0.0,0.0,7
gated,source-only,80,15,err_other_rate,0.0,0.0,0.0,0.0,7
gated,source-only,80,15,err_sep_rate,0.0,0.0,0.0,0.0,7
gated,source-only,80,15,err_source_only_rate,0.019099408386906987,0.004533247344688581,0.0125014817449027,0.0255451446936674,7
gated,source-only,80,15,eval_acc,0.7775669768452644,0.035307189967361124,0.7455078288912773,0.8523437641561031,7
gated,source-only,80,15,eval_error_rate,0.22243303571428566,0.035307189825070515,0.14765625,0.2544921874999999,7
gated,source-only,80,15,mem_noise_entries,0.0,0.0,0.0,0.0,7
gated,source-only,80,15,mem_sep_entries,0.0,0.0,0.0,0.0,7
gated,source-only,80,15,mem_source_entries,15.0,0.0,15.0,15.0,7
gated,source-only,80,15,source_survival_rate,0.75,0.0,0.75,0.75,7
gated,source-only,80,20,acc_mean_tail,0.9968607177053179,0.000787777070995238,0.9957687550783156,0.9978000012636185,7
gated,source-only,80,20,attn_entropy,0.034974450628007074,0.006342527806456827,0.0238895447691902,0.0415302412584424,7
gated,source-only,80,20,attn_mass_noise,0.0,0.0,0.0,0.0,7
gated,source-only,80,20,attn_mass_other,0.0,0.0,0.0,0.0,7
gated,source-only,80,20,attn_mass_sep,0.0,0.0,0.0,0.0,7
gated,source-only,80,20,attn_mass_source,1.0,0.0,1.0,1.0,7
gated,source-only,80,20,err_both_source_and_noise_rate,0.0,0.0,0.0,0.0,7
gated,source-only,80,20,err_noise_only_rate,0.0,0.0,0.0,0.0,7
gated,source-only,80,20,err_other_rate,0.0,0.0,0.0,0.0,7
gated,source-only,80,20,err_sep_rate,0.0,0.0,0.0,0.0,7
gated,source-only,80,20,err_source_only_rate,0.0,0.0,0.0,0.0,7
gated,source-only,80,20,eval_acc,1.0,0.0,1.0,1.0,7
gated,source-only,80,20,eval_error_rate,0.0,0.0,0.0,0.0,7
gated,source-only,80,20,mem_noise_entries,0.0,0.0,0.0,0.0,7
gated,source-only,80,20,mem_sep_entries,0.0,0.0,0.0,0.0,7
gated,source-only,80,20,mem_source_entries,20.0,0.0,20.0,20.0,7
gated,source-only,80,20,source_survival_rate,1.0,0.0,1.0,1.0,7
gated,source-only,80,25,acc_mean_tail,0.9968607177053179,0.000787777070995238,0.9957687550783156,0.9978000012636185,7
gated,source-only,80,25,attn_entropy,0.034974450628007074,0.006342527806456827,0.0238895447691902,0.0415302412584424,7
gated,source-only,80,25,attn_mass_noise,0.0,0.0,0.0,0.0,7
gated,source-only,80,25,attn_mass_other,0.0,0.0,0.0,0.0,7
gated,source-only,80,25,attn_mass_sep,0.0,0.0,0.0,0.0,7
gated,source-only,80,25,attn_mass_source,1.0,0.0,1.0,1.0,7
gated,source-only,80,25,err_both_source_and_noise_rate,0.0,0.0,0.0,0.0,7
gated,source-only,80,25,err_noise_only_rate,0.0,0.0,0.0,0.0,7
gated,source-only,80,25,err_other_rate,0.0,0.0,0.0,0.0,7
gated,source-only,80,25,err_sep_rate,0.0,0.0,0.0,0.0,7
gated,source-only,80,25,err_source_only_rate,0.0,0.0,0.0,0.0,7
gated,source-only,80,25,eval_acc,1.0,0.0,1.0,1.0,7
gated,source-only,80,25,eval_error_rate,0.0,0.0,0.0,0.0,7
gated,source-only,80,25,mem_noise_entries,0.0,0.0,0.0,0.0,7
gated,source-only,80,25,mem_sep_entries,0.0,0.0,0.0,0.0,7
gated,source-only,80,25,mem_source_entries,20.0,0.0,20.0,20.0,7
gated,source-only,80,25,source_survival_rate,1.0,0.0,1.0,1.0,7
gated,source-only,80,30,acc_mean_tail,0.9968607177053179,0.000787777070995238,0.9957687550783156,0.9978000012636185,7
gated,source-only,80,30,attn_entropy,0.034974450628007074,0.006342527806456827,0.0238895447691902,0.0415302412584424,7
gated,source-only,80,30,attn_mass_noise,0.0,0.0,0.0,0.0,7
gated,source-only,80,30,attn_mass_other,0.0,0.0,0.0,0.0,7
gated,source-only,80,30,attn_mass_sep,0.0,0.0,0.0,0.0,7
gated,source-only,80,30,attn_mass_source,1.0,0.0,1.0,1.0,7
gated,source-only,80,30,err_both_source_and_noise_rate,0.0,0.0,0.0,0.0,7
gated,source-only,80,30,err_noise_only_rate,0.0,0.0,0.0,0.0,7
gated,source-only,80,30,err_other_rate,0.0,0.0,0.0,0.0,7
gated,source-only,80,30,err_sep_rate,0.0,0.0,0.0,0.0,7
gated,source-only,80,30,err_source_only_rate,0.0,0.0,0.0,0.0,7
gated,source-only,80,30,eval_acc,1.0,0.0,1.0,1.0,7
gated,source-only,80,30,eval_error_rate,0.0,0.0,0.0,0.0,7
gated,source-only,80,30,mem_noise_entries,0.0,0.0,0.0,0.0,7
gated,source-only,80,30,mem_sep_entries,0.0,0.0,0.0,0.0,7
gated,source-only,80,30,mem_source_entries,20.0,0.0,20.0,20.0,7
gated,source-only,80,30,source_survival_rate,1.0,0.0,1.0,1.0,7
gated,source-pinned-noise-fifo,40,20,acc_mean_tail,0.9964901830979755,0.0005952471797940787,0.9957250069379806,0.99740625166893,7
gated,source-pinned-noise-fifo,40,20,attn_entropy,0.03691500654843231,0.01262636538432478,0.0243564860429614,0.062936603790149,7
gated,source-pinned-noise-fifo,40,20,attn_mass_noise,0.0,0.0,0.0,0.0,7
gated,source-pinned-noise-fifo,40,20,attn_mass_other,0.0,0.0,0.0,0.0,7
gated,source-pinned-noise-fifo,40,20,attn_mass_sep,0.0,0.0,0.0,0.0,7
gated,source-pinned-noise-fifo,40,20,attn_mass_source,1.0,0.0,1.0,1.0,7
gated,source-pinned-noise-fifo,40,20,err_both_source_and_noise_rate,0.0,0.0,0.0,0.0,7
gated,source-pinned-noise-fifo,40,20,err_noise_only_rate,0.0,0.0,0.0,0.0,7
gated,source-pinned-noise-fifo,40,20,err_other_rate,0.0,0.0,0.0,0.0,7
gated,source-pinned-noise-fifo,40,20,err_sep_rate,0.0,0.0,0.0,0.0,7
gated,source-pinned-noise-fifo,40,20,err_source_only_rate,0.0,0.0,0.0,0.0,7
gated,source-pinned-noise-fifo,40,20,eval_acc,1.0,0.0,1.0,1.0,7
gated,source-pinned-noise-fifo,40,20,eval_error_rate,0.0,0.0,0.0,0.0,7
gated,source-pinned-noise-fifo,40,20,mem_noise_entries,0.0,0.0,0.0,0.0,7
gated,source-pinned-noise-fifo,40,20,mem_sep_entries,0.0,0.0,0.0,0.0,7
gated,source-pinned-noise-fifo,40,20,mem_source_entries,20.0,0.0,20.0,20.0,7
gated,source-pinned-noise-fifo,40,20,source_survival_rate,1.0,0.0,1.0,1.0,7
gated,source-pinned-noise-fifo,40,25,acc_mean_tail,0.9961455409186227,0.0007516781433853022,0.9948125081062316,0.9971250032186508,7
gated,source-pinned-noise-fifo,40,25,attn_entropy,0.038165372646679775,0.007190520982057299,0.0282803986920043,0.0491731311194598,7
gated,source-pinned-noise-fifo,40,25,attn_mass_noise,1.738008408835867e-05,1.8585033699125927e-05,4.59466734525904e-06,5.353906283289689e-05,7
gated,source-pinned-noise-fifo,40,25,attn_mass_other,0.0,0.0,0.0,0.0,7
gated,source-pinned-noise-fifo,40,25,attn_mass_sep,0.0,0.0,0.0,0.0,7
gated,source-pinned-noise-fifo,40,25,attn_mass_source,0.9999826412115779,1.8589269973648537e-05,0.9999464675784112,0.9999954253435136,7
gated,source-pinned-noise-fifo,40,25,err_both_source_and_noise_rate,0.008928571428571428,0.023622779563076703,0.0,0.0625,7
gated,source-pinned-noise-fifo,40,25,err_noise_only_rate,0.0,0.0,0.0,0.0,7
gated,source-pinned-noise-fifo,40,25,err_other_rate,0.0,0.0,0.0,0.0,7
gated,source-pinned-noise-fifo,40,25,err_sep_rate,0.0,0.0,0.0,0.0,7
gated,source-pinned-noise-fifo,40,25,err_source_only_rate,0.0,0.0,0.0,0.0,7
gated,source-pinned-noise-fifo,40,25,eval_acc,0.9999720981078488,7.382146774003913e-05,0.999804686754942,1.0,7
gated,source-pinned-noise-fifo,40,25,eval_error_rate,2.7901785714285717e-05,7.382118613461469e-05,0.0,0.0001953125,7
gated,source-pinned-noise-fifo,40,25,mem_noise_entries,5.0,0.0,5.0,5.0,7
gated,source-pinned-noise-fifo,40,25,mem_sep_entries,0.0,0.0,0.0,0.0,7
gated,source-pinned-noise-fifo,40,25,mem_source_entries,20.0,0.0,20.0,20.0,7
gated,source-pinned-noise-fifo,40,25,source_survival_rate,1.0,0.0,1.0,1.0,7
gated,source-pinned-noise-fifo,40,30,acc_mean_tail,0.9967589326075146,0.0009079693657383693,0.994812508225441,0.9975312511920928,7
gated,source-pinned-noise-fifo,40,30,attn_entropy,0.03392933114498317,0.005716011570256241,0.0262282296316698,0.0388446124270558,7
gated,source-pinned-noise-fifo,40,30,attn_mass_noise,5.416633972085297e-06,2.821107185610716e-06,1.6683733790046062e-06,9.22479227938311e-06,7
gated,source-pinned-noise-fifo,40,30,attn_mass_other,0.0,0.0,0.0,0.0,7
gated,source-pinned-noise-fifo,40,30,attn_mass_sep,0.0,0.0,0.0,0.0,7
gated,source-pinned-noise-fifo,40,30,attn_mass_source,0.9999945999256202,2.8211090409337714e-06,0.9999907948076724,0.9999983571469784,7
gated,source-pinned-noise-fifo,40,30,err_both_source_and_noise_rate,0.0,0.0,0.0,0.0,7
gated,source-pinned-noise-fifo,40,30,err_noise_only_rate,0.0,0.0,0.0,0.0,7
gated,source-pinned-noise-fifo,40,30,err_other_rate,0.0,0.0,0.0,0.0,7
gated,source-pinned-noise-fifo,40,30,err_sep_rate,0.0,0.0,0.0,0.0,7
gated,source-pinned-noise-fifo,40,30,err_source_only_rate,0.0,0.0,0.0,0.0,7
gated,source-pinned-noise-fifo,40,30,eval_acc,1.0,0.0,1.0,1.0,7
gated,source-pinned-noise-fifo,40,30,eval_error_rate,0.0,0.0,0.0,0.0,7
gated,source-pinned-noise-fifo,40,30,mem_noise_entries,10.0,0.0,10.0,10.0,7
gated,source-pinned-noise-fifo,40,30,mem_sep_entries,0.0,0.0,0.0,0.0,7
gated,source-pinned-noise-fifo,40,30,mem_source_entries,20.0,0.0,20.0,20.0,7
gated,source-pinned-noise-fifo,40,30,source_survival_rate,1.0,0.0,1.0,1.0,7
gated,source-pinned-noise-fifo,40,40,acc_mean_tail,0.9966535755566188,0.0007710129236978264,0.9956750075817108,0.9980562499761582,7
gated,source-pinned-noise-fifo,40,40,attn_entropy,0.03328305552713567,0.006612960405677177,0.024217706057243,0.0424180745612829,7
gated,source-pinned-noise-fifo,40,40,attn_mass_noise,9.503900302933386e-06,1.8649255202550665e-05,6.85337798955743e-07,5.156332440492406e-05,7
gated,source-pinned-noise-fifo,40,40,attn_mass_other,0.0,0.0,0.0,0.0,7
gated,source-pinned-noise-fifo,40,40,attn_mass_sep,0.0,0.0,0.0,0.0,7
gated,source-pinned-noise-fifo,40,40,attn_mass_source,0.9999905228614807,1.864458334077671e-05,0.999948475509882,0.9999993443489076,7
gated,source-pinned-noise-fifo,40,40,err_both_source_and_noise_rate,0.0,0.0,0.0,0.0,7
gated,source-pinned-noise-fifo,40,40,err_noise_only_rate,0.0,0.0,0.0,0.0,7
gated,source-pinned-noise-fifo,40,40,err_other_rate,0.0,0.0,0.0,0.0,7
gated,source-pinned-noise-fifo,40,40,err_sep_rate,0.0,0.0,0.0,0.0,7
gated,source-pinned-noise-fifo,40,40,err_source_only_rate,0.0,0.0,0.0,0.0,7
gated,source-pinned-noise-fifo,40,40,eval_acc,1.0,0.0,1.0,1.0,7
gated,source-pinned-noise-fifo,40,40,eval_error_rate,0.0,0.0,0.0,0.0,7
gated,source-pinned-noise-fifo,40,40,mem_noise_entries,20.0,0.0,20.0,20.0,7
gated,source-pinned-noise-fifo,40,40,mem_sep_entries,0.0,0.0,0.0,0.0,7
gated,source-pinned-noise-fifo,40,40,mem_source_entries,20.0,0.0,20.0,20.0,7
gated,source-pinned-noise-fifo,40,40,source_survival_rate,1.0,0.0,1.0,1.0,7
gated,source-pinned-noise-fifo,40,60,acc_mean_tail,0.996516969186919,0.000524722216687305,0.9957812579870224,0.9973562532663344,7
gated,source-pinned-noise-fifo,40,60,attn_entropy,0.051200664602220024,0.01938345416787269,0.0296640349552035,0.0881823031231761,7
gated,source-pinned-noise-fifo,40,60,attn_mass_noise,0.028451317598842646,0.07524510310143583,3.094248839374813e-06,0.1990911699831485,7
gated,source-pinned-noise-fifo,40,60,attn_mass_other,0.0,0.0,0.0,0.0,7
gated,source-pinned-noise-fifo,40,60,attn_mass_sep,0.0,0.0,0.0,0.0,7
gated,source-pinned-noise-fifo,40,60,attn_mass_source,0.9715487084218434,0.07524510471815817,0.8009088523685932,0.9999969191849232,7
gated,source-pinned-noise-fifo,40,60,err_both_source_and_noise_rate,0.017857142857142856,0.04724555912615341,0.0,0.125,7
gated,source-pinned-noise-fifo,40,60,err_noise_only_rate,0.0,0.0,0.0,0.0,7
gated,source-pinned-noise-fifo,40,60,err_other_rate,0.0,0.0,0.0,0.0,7
gated,source-pinned-noise-fifo,40,60,err_sep_rate,0.0,0.0,0.0,0.0,7
gated,source-pinned-noise-fifo,40,60,err_source_only_rate,0.0,0.0,0.0,0.0,7
gated,source-pinned-noise-fifo,40,60,eval_acc,0.9999441962156977,0.00014764293548015544,0.999609373509884,1.0,7
gated,source-pinned-noise-fifo,40,60,eval_error_rate,5.5803571428571434e-05,0.0001476423722692294,0.0,0.000390625,7
gated,source-pinned-noise-fifo,40,60,mem_noise_entries,40.0,0.0,40.0,40.0,7
gated,source-pinned-noise-fifo,40,60,mem_sep_entries,0.0,0.0,0.0,0.0,7
gated,source-pinned-noise-fifo,40,60,mem_source_entries,20.0,0.0,20.0,20.0,7
gated,source-pinned-noise-fifo,40,60,source_survival_rate,1.0,0.0,1.0,1.0,7
gated,source-pinned-noise-fifo,40,80,acc_mean_tail,0.996516969186919,0.000524722216687305,0.9957812579870224,0.9973562532663344,7
gated,source-pinned-noise-fifo,40,80,attn_entropy,0.051200664602220024,0.01938345416787269,0.0296640349552035,0.0881823031231761,7
gated,source-pinned-noise-fifo,40,80,attn_mass_noise,0.028451317598842646,0.07524510310143583,3.094248839374813e-06,0.1990911699831485,7
gated,source-pinned-noise-fifo,40,80,attn_mass_other,0.0,0.0,0.0,0.0,7
gated,source-pinned-noise-fifo,40,80,attn_mass_sep,0.0,0.0,0.0,0.0,7
gated,source-pinned-noise-fifo,40,80,attn_mass_source,0.9715487084218434,0.07524510471815817,0.8009088523685932,0.9999969191849232,7
gated,source-pinned-noise-fifo,40,80,err_both_source_and_noise_rate,0.017857142857142856,0.04724555912615341,0.0,0.125,7
gated,source-pinned-noise-fifo,40,80,err_noise_only_rate,0.0,0.0,0.0,0.0,7
gated,source-pinned-noise-fifo,40,80,err_other_rate,0.0,0.0,0.0,0.0,7
gated,source-pinned-noise-fifo,40,80,err_sep_rate,0.0,0.0,0.0,0.0,7
gated,source-pinned-noise-fifo,40,80,err_source_only_rate,0.0,0.0,0.0,0.0,7
gated,source-pinned-noise-fifo,40,80,eval_acc,0.9999441962156977,0.00014764293548015544,0.999609373509884,1.0,7
gated,source-pinned-noise-fifo,40,80,eval_error_rate,5.5803571428571434e-05,0.0001476423722692294,0.0,0.000390625,7
gated,source-pinned-noise-fifo,40,80,mem_noise_entries,40.0,0.0,40.0,40.0,7
gated,source-pinned-noise-fifo,40,80,mem_sep_entries,0.0,0.0,0.0,0.0,7
gated,source-pinned-noise-fifo,40,80,mem_source_entries,20.0,0.0,20.0,20.0,7
gated,source-pinned-noise-fifo,40,80,source_survival_rate,1.0,0.0,1.0,1.0,7
gated,source-pinned-noise-fifo,40,100,acc_mean_tail,0.996516969186919,0.000524722216687305,0.9957812579870224,0.9973562532663344,7
gated,source-pinned-noise-fifo,40,100,attn_entropy,0.051200664602220024,0.01938345416787269,0.0296640349552035,0.0881823031231761,7
gated,source-pinned-noise-fifo,40,100,attn_mass_noise,0.028451317598842646,0.07524510310143583,3.094248839374813e-06,0.1990911699831485,7
gated,source-pinned-noise-fifo,40,100,attn_mass_other,0.0,0.0,0.0,0.0,7
gated,source-pinned-noise-fifo,40,100,attn_mass_sep,0.0,0.0,0.0,0.0,7
gated,source-pinned-noise-fifo,40,100,attn_mass_source,0.9715487084218434,0.07524510471815817,0.8009088523685932,0.9999969191849232,7
gated,source-pinned-noise-fifo,40,100,err_both_source_and_noise_rate,0.017857142857142856,0.04724555912615341,0.0,0.125,7
gated,source-pinned-noise-fifo,40,100,err_noise_only_rate,0.0,0.0,0.0,0.0,7
gated,source-pinned-noise-fifo,40,100,err_other_rate,0.0,0.0,0.0,0.0,7
gated,source-pinned-noise-fifo,40,100,err_sep_rate,0.0,0.0,0.0,0.0,7
gated,source-pinned-noise-fifo,40,100,err_source_only_rate,0.0,0.0,0.0,0.0,7
gated,source-pinned-noise-fifo,40,100,eval_acc,0.9999441962156977,0.00014764293548015544,0.999609373509884,1.0,7
gated,source-pinned-noise-fifo,40,100,eval_error_rate,5.5803571428571434e-05,0.0001476423722692294,0.0,0.000390625,7
gated,source-pinned-noise-fifo,40,100,mem_noise_entries,40.0,0.0,40.0,40.0,7
gated,source-pinned-noise-fifo,40,100,mem_sep_entries,0.0,0.0,0.0,0.0,7
gated,source-pinned-noise-fifo,40,100,mem_source_entries,20.0,0.0,20.0,20.0,7
gated,source-pinned-noise-fifo,40,100,source_survival_rate,1.0,0.0,1.0,1.0,7
gated,source-pinned-noise-fifo,80,20,acc_mean_tail,0.9968607177053179,0.000787777070995238,0.9957687550783156,0.9978000012636185,7
gated,source-pinned-noise-fifo,80,20,attn_entropy,0.034974450628007074,0.006342527806456827,0.0238895447691902,0.0415302412584424,7
gated,source-pinned-noise-fifo,80,20,attn_mass_noise,0.0,0.0,0.0,0.0,7
gated,source-pinned-noise-fifo,80,20,attn_mass_other,0.0,0.0,0.0,0.0,7
gated,source-pinned-noise-fifo,80,20,attn_mass_sep,0.0,0.0,0.0,0.0,7
gated,source-pinned-noise-fifo,80,20,attn_mass_source,1.0,0.0,1.0,1.0,7
gated,source-pinned-noise-fifo,80,20,err_both_source_and_noise_rate,0.0,0.0,0.0,0.0,7
gated,source-pinned-noise-fifo,80,20,err_noise_only_rate,0.0,0.0,0.0,0.0,7
gated,source-pinned-noise-fifo,80,20,err_other_rate,0.0,0.0,0.0,0.0,7
gated,source-pinned-noise-fifo,80,20,err_sep_rate,0.0,0.0,0.0,0.0,7
gated,source-pinned-noise-fifo,80,20,err_source_only_rate,0.0,0.0,0.0,0.0,7
gated,source-pinned-noise-fifo,80,20,eval_acc,1.0,0.0,1.0,1.0,7
gated,source-pinned-noise-fifo,80,20,eval_error_rate,0.0,0.0,0.0,0.0,7
gated,source-pinned-noise-fifo,80,20,mem_noise_entries,0.0,0.0,0.0,0.0,7
gated,source-pinned-noise-fifo,80,20,mem_sep_entries,0.0,0.0,0.0,0.0,7
gated,source-pinned-noise-fifo,80,20,mem_source_entries,20.0,0.0,20.0,20.0,7
gated,source-pinned-noise-fifo,80,20,source_survival_rate,1.0,0.0,1.0,1.0,7
gated,source-pinned-noise-fifo,80,25,acc_mean_tail,0.9962964341470173,0.0007399826462332399,0.995537506699562,0.9975312535762788,7
gated,source-pinned-noise-fifo,80,25,attn_entropy,0.03559295149586557,0.010415760326231961,0.0192368121352046,0.0475049328524619,7
gated,source-pinned-noise-fifo,80,25,attn_mass_noise,4.325179811611893e-05,3.3648518326174394e-05,7.309408232458736e-06,9.499114366917638e-05,7
gated,source-pinned-noise-fifo,80,25,attn_mass_other,0.0,0.0,0.0,0.0,7
gated,source-pinned-noise-fifo,80,25,attn_mass_sep,0.0,0.0,0.0,0.0,7
gated,source-pinned-noise-fifo,80,25,attn_mass_source,0.999956764280796,3.363796032068737e-05,0.9999050535261632,0.999992698431015,7
gated,source-pinned-noise-fifo,80,25,err_both_source_and_noise_rate,0.0,0.0,0.0,0.0,7
gated,source-pinned-noise-fifo,80,25,err_noise_only_rate,0.0,0.0,0.0,0.0,7
gated,source-pinned-noise-fifo,80,25,err_other_rate,0.0,0.0,0.0,0.0,7
gated,source-pinned-noise-fifo,80,25,err_sep_rate,0.0,0.0,0.0,0.0,7
gated,source-pinned-noise-fifo,80,25,err_source_only_rate,0.0,0.0,0.0,0.0,7
gated,source-pinned-noise-fifo,80,25,eval_acc,1.0,0.0,1.0,1.0,7
gated,source-pinned-noise-fifo,80,25,eval_error_rate,0.0,0.0,0.0,0.0,7
gated,source-pinned-noise-fifo,80,25,mem_noise_entries,5.0,0.0,5.0,5.0,7
gated,source-pinned-noise-fifo,80,25,mem_sep_entries,0.0,0.0,0.0,0.0,7
gated,source-pinned-noise-fifo,80,25,mem_source_entries,20.0,0.0,20.0,20.0,7
gated,source-pinned-noise-fifo,80,25,source_survival_rate,1.0,0.0,1.0,1.0,7
gated,source-pinned-noise-fifo,80,30,acc_mean_tail,0.9962875054563796,0.0005818194658187421,0.9953812565803528,0.9969750037193298,7
gated,source-pinned-noise-fifo,80,30,attn_entropy,0.03949770196673589,0.009511028583280299,0.0286038162885233,0.056410253746435,7
gated,source-pinned-noise-fifo,80,30,attn_mass_noise,8.348919843724292e-06,5.562489504197077e-06,2.162299225005881e-06,1.573647227814945e-05,7
gated,source-pinned-noise-fifo,80,30,attn_mass_other,0.0,0.0,0.0,0.0,7
gated,source-pinned-noise-fifo,80,30,attn_mass_sep,0.0,0.0,0.0,0.0,7
gated,source-pinned-noise-fifo,80,30,attn_mass_source,0.999991665993418,5.555931067717595e-06,0.9999842941761016,0.9999978393316268,7
gated,source-pinned-noise-fifo,80,30,err_both_source_and_noise_rate,0.0,0.0,0.0,0.0,7
gated,source-pinned-noise-fifo,80,30,err_noise_only_rate,0.0,0.0,0.0,0.0,7
gated,source-pinned-noise-fifo,80,30,err_other_rate,0.0,0.0,0.0,0.0,7
gated,source-pinned-noise-fifo,80,30,err_sep_rate,0.0,0.0,0.0,0.0,7
gated,source-pinned-noise-fifo,80,30,err_source_only_rate,0.0,0.0,0.0,0.0,7
gated,source-pinned-noise-fifo,80,30,eval_acc,1.0,0.0,1.0,1.0,7
gated,source-pinned-noise-fifo,80,30,eval_error_rate,0.0,0.0,0.0,0.0,7
gated,source-pinned-noise-fifo,80,30,mem_noise_entries,10.0,0.0,10.0,10.0,7
gated,source-pinned-noise-fifo,80,30,mem_sep_entries,0.0,0.0,0.0,0.0,7
gated,source-pinned-noise-fifo,80,30,mem_source_entries,20.0,0.0,20.0,20.0,7
gated,source-pinned-noise-fifo,80,30,source_survival_rate,1.0,0.0,1.0,1.0,7
gated,source-pinned-noise-fifo,80,40,acc_mean_tail,0.9963973259244646,0.0007781661875110897,0.9953937553167344,0.9972187526226044,7
gated,source-pinned-noise-fifo,80,40,attn_entropy,0.03932910427517651,0.01063367529877637,0.0277909269789233,0.0568933968897908,7
gated,source-pinned-noise-fifo,80,40,attn_mass_noise,0.0002785992002348555,0.0006832713159782411,1.7029279320013302e-06,0.0018272616582635,7
gated,source-pinned-noise-fifo,80,40,attn_mass_other,0.0,0.0,0.0,0.0,7
gated,source-pinned-noise-fifo,80,40,attn_mass_sep,0.0,0.0,0.0,0.0,7
gated,source-pinned-noise-fifo,80,40,attn_mass_source,0.999721422791481,0.0006832766059639936,0.9981727488338948,0.9999983236193656,7
gated,source-pinned-noise-fifo,80,40,err_both_source_and_noise_rate,0.008928571428571428,0.023622779563076703,0.0,0.0625,7
gated,source-pinned-noise-fifo,80,40,err_noise_only_rate,0.0,0.0,0.0,0.0,7
gated,source-pinned-noise-fifo,80,40,err_other_rate,0.0,0.0,0.0,0.0,7
gated,source-pinned-noise-fifo,80,40,err_sep_rate,0.0,0.0,0.0,0.0,7
gated,source-pinned-noise-fifo,80,40,err_source_only_rate,0.0,0.0,0.0,0.0,7
gated,source-pinned-noise-fifo,80,40,eval_acc,0.9999720981078488,7.382146774007386e-05,0.999804686754942,1.0,7
gated,source-pinned-noise-fifo,80,40,eval_error_rate,2.7901785714285717e-05,7.38211861346147e-05,0.0,0.0001953125,7
gated,source-pinned-noise-fifo,80,40,mem_noise_entries,20.0,0.0,20.0,20.0,7
gated,source-pinned-noise-fifo,80,40,mem_sep_entries,0.0,0.0,0.0,0.0,7
gated,source-pinned-noise-fifo,80,40,mem_source_entries,20.0,0.0,20.0,20.0,7
gated,source-pinned-noise-fifo,80,40,source_survival_rate,1.0,0.0,1.0,1.0,7
gated,source-pinned-noise-fifo,80,60,acc_mean_tail,0.9958660776444843,0.00036945216238106724,0.9954812564849852,0.9965375049114228,7
gated,source-pinned-noise-fifo,80,60,attn_entropy,0.0455476763724748,0.008261501587797425,0.0362753998488187,0.0565211134962737,7
gated,source-pinned-noise-fifo,80,60,attn_mass_noise,1.0058386122478527e-05,1.6207652979653322e-05,1.912706824924726e-06,4.6626547828054754e-05,7
gated,source-pinned-noise-fifo,80,60,attn_mass_other,0.0,0.0,0.0,0.0,7
gated,source-pinned-noise-fifo,80,60,attn_mass_sep,0.0,0.0,0.0,0.0,7
gated,source-pinned-noise-fifo,80,60,attn_mass_source,0.9999899683254105,1.621074608038817e-05,0.999953392893076,0.9999981224536896,7
gated,source-pinned-noise-fifo,80,60,err_both_source_and_noise_rate,0.0,0.0,0.0,0.0,7
gated,source-pinned-noise-fifo,80,60,err_noise_only_rate,0.0,0.0,0.0,0.0,7
gated,source-pinned-noise-fifo,80,60,err_other_rate,0.0,0.0,0.0,0.0,7
gated,source-pinned-noise-fifo,80,60,err_sep_rate,0.0,0.0,0.0,0.0,7
gated,source-pinned-noise-fifo,80,60,err_source_only_rate,0.0,0.0,0.0,0.0,7
gated,source-pinned-noise-fifo,80,60,eval_acc,1.0,0.0,1.0,1.0,7
gated,source-pinned-noise-fifo,80,60,eval_error_rate,0.0,0.0,0.0,0.0,7
gated,source-pinned-noise-fifo,80,60,mem_noise_entries,40.0,0.0,40.0,40.0,7
gated,source-pinned-noise-fifo,80,60,mem_sep_entries,0.0,0.0,0.0,0.0,7
gated,source-pinned-noise-fifo,80,60,mem_source_entries,20.0,0.0,20.0,20.0,7
gated,source-pinned-noise-fifo,80,60,source_survival_rate,1.0,0.0,1.0,1.0,7
gated,source-pinned-noise-fifo,80,80,acc_mean_tail,0.9960321484122959,0.0006616566385481334,0.9950000089406968,0.9971750025749206,7
gated,source-pinned-noise-fifo,80,80,attn_entropy,0.052171326841094615,0.00932851338453747,0.0365297892130911,0.0636808120179921,7
gated,source-pinned-noise-fifo,80,80,attn_mass_noise,1.823545310587958e-05,1.6936370241329686e-05,6.266412611921624e-06,5.35039350779698e-05,7
gated,source-pinned-noise-fifo,80,80,attn_mass_other,0.0,0.0,0.0,0.0,7
gated,source-pinned-noise-fifo,80,80,attn_mass_sep,0.0,0.0,0.0,0.0,7
gated,source-pinned-noise-fifo,80,80,attn_mass_source,0.9999817950384957,1.694039031186908e-05,0.9999465234577656,0.9999937638640404,7
gated,source-pinned-noise-fifo,80,80,err_both_source_and_noise_rate,0.017857142857142856,0.04724555912615341,0.0,0.125,7
gated,source-pinned-noise-fifo,80,80,err_noise_only_rate,0.0,0.0,0.0,0.0,7
gated,source-pinned-noise-fifo,80,80,err_other_rate,0.0,0.0,0.0,0.0,7
gated,source-pinned-noise-fifo,80,80,err_sep_rate,0.0,0.0,0.0,0.0,7
gated,source-pinned-noise-fifo,80,80,err_source_only_rate,0.0,0.0,0.0,0.0,7
gated,source-pinned-noise-fifo,80,80,eval_acc,0.9999441962156977,0.00014764293548013096,0.999609373509884,1.0,7
gated,source-pinned-noise-fifo,80,80,eval_error_rate,5.5803571428571434e-05,0.0001476423722692294,0.0,0.000390625,7
gated,source-pinned-noise-fifo,80,80,mem_noise_entries,60.0,0.0,60.0,60.0,7
gated,source-pinned-noise-fifo,80,80,mem_sep_entries,0.0,0.0,0.0,0.0,7
gated,source-pinned-noise-fifo,80,80,mem_source_entries,20.0,0.0,20.0,20.0,7
gated,source-pinned-noise-fifo,80,80,source_survival_rate,1.0,0.0,1.0,1.0,7
gated,source-pinned-noise-fifo,80,100,acc_mean_tail,0.9955982208933148,0.0009280736382956913,0.9943500096797944,0.996750004053116,7
gated,source-pinned-noise-fifo,80,100,attn_entropy,0.06645087265808665,0.03132228765161153,0.0404515445698052,0.1244073542766273,7
gated,source-pinned-noise-fifo,80,100,attn_mass_noise,0.07852580787998217,0.1148511099753006,1.2522676968274029e-05,0.2997420076280832,7
gated,source-pinned-noise-fifo,80,100,attn_mass_other,0.0,0.0,0.0,0.0,7
gated,source-pinned-noise-fifo,80,100,attn_mass_sep,0.0,0.0,0.0,0.0,7
gated,source-pinned-noise-fifo,80,100,attn_mass_source,0.9214742220938206,0.11485111166614238,0.700258020311594,0.9999875016510488,7
gated,source-pinned-noise-fifo,80,100,err_both_source_and_noise_rate,0.0,0.0,0.0,0.0,7
gated,source-pinned-noise-fifo,80,100,err_noise_only_rate,0.0,0.0,0.0,0.0,7
gated,source-pinned-noise-fifo,80,100,err_other_rate,0.0,0.0,0.0,0.0,7
gated,source-pinned-noise-fifo,80,100,err_sep_rate,0.0,0.0,0.0,0.0,7
gated,source-pinned-noise-fifo,80,100,err_source_only_rate,0.008928571428571428,0.023622779563076703,0.0,0.0625,7
gated,source-pinned-noise-fifo,80,100,eval_acc,0.9999720981078488,7.382146774005079e-05,0.999804686754942,1.0,7
gated,source-pinned-noise-fifo,80,100,eval_error_rate,2.7901785714285717e-05,7.38211861346147e-05,0.0,0.0001953125,7
gated,source-pinned-noise-fifo,80,100,mem_noise_entries,80.0,0.0,80.0,80.0,7
gated,source-pinned-noise-fifo,80,100,mem_sep_entries,0.0,0.0,0.0,0.0,7
gated,source-pinned-noise-fifo,80,100,mem_source_entries,20.0,0.0,20.0,20.0,7
gated,source-pinned-noise-fifo,80,100,source_survival_rate,1.0,0.0,1.0,1.0,7
naive,prefix-all,40,50,acc_mean_tail,0.6664339397975377,0.10494173970402058,0.4413500059843063,0.7650125119686126,7
naive,prefix-all,40,50,attn_entropy,0.0882315760744469,0.10176390541701039,0.025045097223483,0.3101179022341966,7
naive,prefix-all,40,50,attn_mass_noise,0.17903389359240202,0.08587000278469141,0.0006182009783515,0.2506767306476831,7
naive,prefix-all,40,50,attn_mass_other,0.0,0.0,0.0,0.0,7
naive,prefix-all,40,50,attn_mass_sep,0.10014449675301351,0.04085053260376066,0.0501632024534046,0.1507977098226547,7
naive,prefix-all,40,50,attn_mass_source,0.7208216216947351,0.056339040455521495,0.6990231573581696,0.8485840857028961,7
naive,prefix-all,40,50,err_both_source_and_noise_rate,0.870141523365441,0.009668965310493695,0.8579201140217632,0.8833161926846731,7
naive,prefix-all,40,50,err_noise_only_rate,0.0,0.0,0.0,0.0,7
naive,prefix-all,40,50,err_other_rate,0.0,0.0,0.0,0.0,7
naive,prefix-all,40,50,err_sep_rate,0.0,0.0,0.0,0.0,7
naive,prefix-all,40,50,err_source_only_rate,0.129858476634559,0.009668965310493707,0.1166838073153269,0.1420798859782369,7
naive,prefix-all,40,50,eval_acc,0.6845982239714691,0.11185010075804565,0.4474609456956386,0.7742187604308128,7
naive,prefix-all,40,50,eval_error_rate,0.31540178571428573,0.11185010060083889,0.22578125,0.5525390625,7
naive,prefix-all,40,50,mem_noise_entries,40.0,0.0,40.0,40.0,7
naive,prefix-all,40,50,mem_sep_entries,1.0,0.0,1.0,1.0,7
naive,prefix-all,40,50,mem_source_entries,9.0,0.0,9.0,9.0,7
naive,prefix-all,40,50,source_survival_rate,0.45,0.0,0.45,0.45,7
naive,prefix-all,40,60,acc_mean_tail,0.9093116187027522,0.030840928790388106,0.8539937621355057,0.9470625112056732,7
naive,prefix-all,40,60,attn_entropy,0.16622770617582966,0.03745968760708409,0.1084785778075456,0.2298440411686897,7
naive,prefix-all,40,60,attn_mass_noise,0.22875678432839255,0.03927225161547234,0.1993270860984921,0.3006105311214924,7
naive,prefix-all,40,60,attn_mass_other,0.0,0.0,0.0,0.0,7
naive,prefix-all,40,60,attn_mass_sep,0.07897150639577631,0.026798972878705345,0.0500004612840712,0.100641009863466,7
naive,prefix-all,40,60,attn_mass_source,0.6922717275364059,0.018939499838808764,0.6493890322744846,0.7001736052334309,7
naive,prefix-all,40,60,err_both_source_and_noise_rate,0.8657957896216589,0.021385869288754245,0.8223214285714286,0.8818030820503954,7
naive,prefix-all,40,60,err_noise_only_rate,0.0,0.0,0.0,0.0,7
naive,prefix-all,40,60,err_other_rate,0.0,0.0,0.0,0.0,7
naive,prefix-all,40,60,err_sep_rate,0.0,0.0,0.0,0.0,7
naive,prefix-all,40,60,err_source_only_rate,0.13420421037834104,0.02138586928875425,0.1181969179496047,0.1776785714285714,7
naive,prefix-all,40,60,eval_acc,0.9247209924672332,0.036551599306315304,0.8554687686264515,0.9599609524011612,7
naive,prefix-all,40,60,eval_error_rate,0.07527901785714285,0.036551601973338135,0.0400390625,0.14453125,7
naive,prefix-all,40,60,mem_noise_entries,40.0,0.0,40.0,40.0,7
naive,prefix-all,40,60,mem_sep_entries,1.0,0.0,1.0,1.0,7
naive,prefix-all,40,60,mem_source_entries,19.0,0.0,19.0,19.0,7
naive,prefix-all,40,60,source_survival_rate,0.95,0.0,0.95,0.95,7
naive,prefix-all,40,61,acc_mean_tail,0.9760883998359953,0.03679022539503329,0.9030437607765198,0.996531255364418,7
naive,prefix-all,40,61,attn_entropy,0.10151393877874523,0.039316041448008175,0.0473931389860808,0.1579883145168423,7
naive,prefix-all,40,61,attn_mass_noise,0.2639122804892914,0.038338923869172065,0.1990101654082536,0.3011876605451107,7
naive,prefix-all,40,61,attn_mass_other,0.0,0.0,0.0,0.0,7
naive,prefix-all,40,61,attn_mass_sep,0.05719759561387553,0.018925006957610593,0.0497001432813704,0.100113017950207,7
naive,prefix-all,40,61,attn_mass_source,0.6788901473794665,0.02721430131084253,0.648558959364891,0.7009822763502598,7
naive,prefix-all,40,61,err_both_source_and_noise_rate,0.2807153305210787,0.399606161860844,0.0,0.8614178730636253,7
naive,prefix-all,40,61,err_noise_only_rate,0.0,0.0,0.0,0.0,7
naive,prefix-all,40,61,err_other_rate,0.0,0.0,0.0,0.0,7
naive,prefix-all,40,61,err_sep_rate,0.0,0.0,0.0,0.0,7
naive,prefix-all,40,61,err_source_only_rate,0.04071324090749268,0.06956781094538442,0.0,0.1464105594160741,7
naive,prefix-all,40,61,eval_acc,0.9794642877365861,0.0376363012953422,0.903710950165987,1.0,7
naive,prefix-all,40,61,eval_error_rate,0.020535714285714286,0.037636306326430995,0.0,0.0962890625,7
naive,prefix-all,40,61,mem_noise_entries,40.0,0.0,40.0,40.0,7
naive,prefix-all,40,61,mem_sep_entries,1.0,0.0,1.0,1.0,7
naive,prefix-all,40,61,mem_source_entries,20.0,0.0,20.0,20.0,7
naive,prefix-all,40,61,source_survival_rate,1.0,0.0,1.0,1.0,7
naive,prefix-all,40,62,acc_mean_tail,0.9760883998359953,0.03679022539503329,0.9030437607765198,0.996531255364418,7
naive,prefix-all,40,62,attn_entropy,0.10151393877874523,0.039316041448008175,0.0473931389860808,0.1579883145168423,7
naive,prefix-all,40,62,attn_mass_noise,0.2639122804892914,0.038338923869172065,0.1990101654082536,0.3011876605451107,7
naive,prefix-all,40,62,attn_mass_other,0.0,0.0,0.0,0.0,7
naive,prefix-all,40,62,attn_mass_sep,0.05719759561387553,0.018925006957610593,0.0497001432813704,0.100113017950207,7
naive,prefix-all,40,62,attn_mass_source,0.6788901473794665,0.02721430131084253,0.648558959364891,0.7009822763502598,7
naive,prefix-all,40,62,err_both_source_and_noise_rate,0.2807153305210787,0.399606161860844,0.0,0.8614178730636253,7
naive,prefix-all,40,62,err_noise_only_rate,0.0,0.0,0.0,0.0,7
naive,prefix-all,40,62,err_other_rate,0.0,0.0,0.0,0.0,7
naive,prefix-all,40,62,err_sep_rate,0.0,0.0,0.0,0.0,7
naive,prefix-all,40,62,err_source_only_rate,0.04071324090749268,0.06956781094538442,0.0,0.1464105594160741,7
naive,prefix-all,40,62,eval_acc,0.9794642877365861,0.0376363012953422,0.903710950165987,1.0,7
naive,prefix-all,40,62,eval_error_rate,0.020535714285714286,0.037636306326430995,0.0,0.0962890625,7
naive,prefix-all,40,62,mem_noise_entries,40.0,0.0,40.0,40.0,7
naive,prefix-all,40,62,mem_sep_entries,1.0,0.0,1.0,1.0,7
naive,prefix-all,40,62,mem_source_entries,20.0,0.0,20.0,20.0,7
naive,prefix-all,40,62,source_survival_rate,1.0,0.0,1.0,1.0,7
naive,prefix-all,40,70,acc_mean_tail,0.9760883998359953,0.03679022539503329,0.9030437607765198,0.996531255364418,7
naive,prefix-all,40,70,attn_entropy,0.10151393877874523,0.039316041448008175,0.0473931389860808,0.1579883145168423,7
naive,prefix-all,40,70,attn_mass_noise,0.2639122804892914,0.038338923869172065,0.1990101654082536,0.3011876605451107,7
naive,prefix-all,40,70,attn_mass_other,0.0,0.0,0.0,0.0,7
naive,prefix-all,40,70,attn_mass_sep,0.05719759561387553,0.018925006957610593,0.0497001432813704,0.100113017950207,7
naive,prefix-all,40,70,attn_mass_source,0.6788901473794665,0.02721430131084253,0.648558959364891,0.7009822763502598,7
naive,prefix-all,40,70,err_both_source_and_noise_rate,0.2807153305210787,0.399606161860844,0.0,0.8614178730636253,7
naive,prefix-all,40,70,err_noise_only_rate,0.0,0.0,0.0,0.0,7
naive,prefix-all,40,70,err_other_rate,0.0,0.0,0.0,0.0,7
naive,prefix-all,40,70,err_sep_rate,0.0,0.0,0.0,0.0,7
naive,prefix-all,40,70,err_source_only_rate,0.04071324090749268,0.06956781094538442,0.0,0.1464105594160741,7
naive,prefix-all,40,70,eval_acc,0.9794642877365861,0.0376363012953422,0.903710950165987,1.0,7
naive,prefix-all,40,70,eval_error_rate,0.020535714285714286,0.037636306326430995,0.0,0.0962890625,7
naive,prefix-all,40,70,mem_noise_entries,40.0,0.0,40.0,40.0,7
naive,prefix-all,40,70,mem_sep_entries,1.0,0.0,1.0,1.0,7
naive,prefix-all,40,70,mem_source_entries,20.0,0.0,20.0,20.0,7
naive,prefix-all,40,70,source_survival_rate,1.0,0.0,1.0,1.0,7
naive,prefix-all,80,80,acc_mean_tail,0.08125892996282445,0.04571310358056985,0.0502250008545815,0.1772500029951334,7
naive,prefix-all,80,80,attn_entropy,3.3650201495204652,0.7735845931332777,2.0292118042707443,4.241443246603012,7
naive,prefix-all,80,80,attn_mass_noise,1.0,0.0,1.0,1.0,7
naive,prefix-all,80,80,attn_mass_other,0.0,0.0,0.0,0.0,7
naive,prefix-all,80,80,attn_mass_sep,0.0,0.0,0.0,0.0,7
naive,prefix-all,80,80,attn_mass_source,0.0,0.0,0.0,0.0,7
naive,prefix-all,80,80,err_both_source_and_noise_rate,0.7766134353626868,0.07576461084292291,0.675513651721932,0.8903240720852541,7
naive,prefix-all,80,80,err_noise_only_rate,0.207298262706906,0.07960593021245542,0.092855914540318,0.3127768439943061,7
naive,prefix-all,80,80,err_other_rate,0.0031886318573867145,0.003057514450320301,0.0,0.0083334259269547,7
naive,prefix-all,80,80,err_sep_rate,0.0,0.0,0.0,0.0,7
naive,prefix-all,80,80,err_source_only_rate,0.012899670073020357,0.004965795142678479,0.0038135593220338,0.0168200133744279,7
naive,prefix-all,80,80,eval_acc,0.11121652015884002,0.07485981730605237,0.0623046883847564,0.263281256891787,7
naive,prefix-all,80,80,eval_error_rate,0.8887834821428572,0.07485981510264005,0.73671875,0.9376953125,7
naive,prefix-all,80,80,mem_noise_entries,80.0,0.0,80.0,80.0,7
naive,prefix-all,80,80,mem_sep_entries,0.0,0.0,0.0,0.0,7
naive,prefix-all,80,80,mem_source_entries,0.0,0.0,0.0,0.0,7
naive,prefix-all,80,80,source_survival_rate,0.0,0.0,0.0,0.0,7
naive,prefix-all,80,100,acc_mean_tail,0.9252750119992664,0.02409769198710233,0.9018062621355056,0.958712512731552,7
naive,prefix-all,80,100,attn_entropy,0.15417163586243982,0.037753069680600736,0.1010871729813516,0.2234219145029783,7
naive,prefix-all,80,100,attn_mass_noise,0.17839453514307022,0.08068606853463885,0.0001252795505024,0.2487573623657226,7
naive,prefix-all,80,100,attn_mass_other,0.0,0.0,0.0,0.0,7
naive,prefix-all,80,100,attn_mass_sep,0.07894109324336433,0.039540284755384666,0.0001800247782739,0.1010760590434074,7
naive,prefix-all,80,100,attn_mass_source,0.7426643951662949,0.11334287935675708,0.6987095847725868,0.9996947161853312,7
naive,prefix-all,80,100,err_both_source_and_noise_rate,0.97740539392752,0.009440832484878215,0.9633805331343064,0.989780745967742,7
naive,prefix-all,80,100,err_noise_only_rate,0.0,0.0,0.0,0.0,7
naive,prefix-all,80,100,err_other_rate,0.0,0.0,0.0,0.0,7
naive,prefix-all,80,100,err_sep_rate,0.0,0.0,0.0,0.0,7
naive,prefix-all,80,100,err_source_only_rate,0.022594606072479873,0.009440832484878245,0.010219254032258,0.0366194668656936,7
naive,prefix-all,80,100,eval_acc,0.9413225523063115,0.028496413025927307,0.9060546942055224,0.9884765781462193,7
naive,prefix-all,80,100,eval_error_rate,0.058677455357142805,0.028496412161334233,0.0115234375,0.0939453125,7
naive,prefix-all,80,100,mem_noise_entries,80.0,0.0,80.0,80.0,7
naive,prefix-all,80,100,mem_sep_entries,1.0,0.0,1.0,1.0,7
naive,prefix-all,80,100,mem_source_entries,19.0,0.0,19.0,19.0,7
naive,prefix-all,80,100,source_survival_rate,0.95,0.0,0.95,0.95,7
naive,prefix-all,80,101,acc_mean_tail,0.9751875087193079,0.03674069310178858,0.9025250126123427,0.996250004529953,7
naive,prefix-all,80,101,attn_entropy,0.12856225845670058,0.043925259190282,0.0552609439473599,0.1699685994535684,7
naive,prefix-all,80,101,attn_mass_noise,0.1857780470160313,0.13444466461926682,5.704929435523809e-05,0.3004369828850031,7
naive,prefix-all,80,101,attn_mass_other,0.0,0.0,0.0,0.0,7
naive,prefix-all,80,101,attn_mass_sep,0.05076873251281146,0.03953843306805014,0.0002176161478928,0.100050966721028,7
naive,prefix-all,80,101,attn_mass_source,0.7634532515491758,0.16075650550871817,0.6494218409061432,0.9995819628238678,7
naive,prefix-all,80,101,err_both_source_and_noise_rate,0.2789760108462436,0.4764524293444152,0.0,0.9818127306856104,7
naive,prefix-all,80,101,err_noise_only_rate,0.0,0.0,0.0,0.0,7
naive,prefix-all,80,101,err_other_rate,0.0,0.0,0.0,0.0,7
naive,prefix-all,80,101,err_sep_rate,0.0,0.0,0.0,0.0,7
naive,prefix-all,80,101,err_source_only_rate,0.006738274868042057,0.011922141014109284,0.0,0.0289806547619047,7
naive,prefix-all,80,101,eval_acc,0.9790178585265364,0.03863154687532754,0.9015625156462193,1.0,7
naive,prefix-all,80,101,eval_error_rate,0.02098214285714286,0.03863155139769638,0.0,0.0984375,7
naive,prefix-all,80,101,mem_noise_entries,80.0,0.0,80.0,80.0,7
naive,prefix-all,80,101,mem_sep_entries,1.0,0.0,1.0,1.0,7
naive,prefix-all,80,101,mem_source_entries,20.0,0.0,20.0,20.0,7
naive,prefix-all,80,101,source_survival_rate,1.0,0.0,1.0,1.0,7
naive,prefix-all,80,102,acc_mean_tail,0.9751875087193079,0.03674069310178858,0.9025250126123427,0.996250004529953,7
naive,prefix-all,80,102,attn_entropy,0.12856225845670058,0.043925259190282,0.0552609439473599,0.1699685994535684,7
naive,prefix-all,80,102,attn_mass_noise,0.1857780470160313,0.13444466461926682,5.704929435523809e-05,0.3004369828850031,7
naive,prefix-all,80,102,attn_mass_other,0.0,0.0,0.0,0.0,7
naive,prefix-all,80,102,attn_mass_sep,0.05076873251281146,0.03953843306805014,0.0002176161478928,0.100050966721028,7
naive,prefix-all,80,102,attn_mass_source,0.7634532515491758,0.16075650550871817,0.6494218409061432,0.9995819628238678,7
naive,prefix-all,80,102,err_both_source_and_noise_rate,0.2789760108462436,0.4764524293444152,0.0,0.9818127306856104,7
naive,prefix-all,80,102,err_noise_only_rate,0.0,0.0,0.0,0.0,7
naive,prefix-all,80,102,err_other_rate,0.0,0.0,0.0,0.0,7
naive,prefix-all,80,102,err_sep_rate,0.0,0.0,0.0,0.0,7
naive,prefix-all,80,102,err_source_only_rate,0.006738274868042057,0.011922141014109284,0.0,0.0289806547619047,7
naive,prefix-all,80,102,eval_acc,0.9790178585265364,0.03863154687532754,0.9015625156462193,1.0,7
naive,prefix-all,80,102,eval_error_rate,0.02098214285714286,0.03863155139769638,0.0,0.0984375,7
naive,prefix-all,80,102,mem_noise_entries,80.0,0.0,80.0,80.0,7
naive,prefix-all,80,102,mem_sep_entries,1.0,0.0,1.0,1.0,7
naive,prefix-all,80,102,mem_source_entries,20.0,0.0,20.0,20.0,7
naive,prefix-all,80,102,source_survival_rate,1.0,0.0,1.0,1.0,7
naive,prefix-all,80,120,acc_mean_tail,0.9751875087193079,0.03674069310178858,0.9025250126123427,0.996250004529953,7
naive,prefix-all,80,120,attn_entropy,0.12856225845670058,0.043925259190282,0.0552609439473599,0.1699685994535684,7
naive,prefix-all,80,120,attn_mass_noise,0.1857780470160313,0.13444466461926682,5.704929435523809e-05,0.3004369828850031,7
naive,prefix-all,80,120,attn_mass_other,0.0,0.0,0.0,0.0,7
naive,prefix-all,80,120,attn_mass_sep,0.05076873251281146,0.03953843306805014,0.0002176161478928,0.100050966721028,7
naive,prefix-all,80,120,attn_mass_source,0.7634532515491758,0.16075650550871817,0.6494218409061432,0.9995819628238678,7
naive,prefix-all,80,120,err_both_source_and_noise_rate,0.2789760108462436,0.4764524293444152,0.0,0.9818127306856104,7
naive,prefix-all,80,120,err_noise_only_rate,0.0,0.0,0.0,0.0,7
naive,prefix-all,80,120,err_other_rate,0.0,0.0,0.0,0.0,7
naive,prefix-all,80,120,err_sep_rate,0.0,0.0,0.0,0.0,7
naive,prefix-all,80,120,err_source_only_rate,0.006738274868042057,0.011922141014109284,0.0,0.0289806547619047,7
naive,prefix-all,80,120,eval_acc,0.9790178585265364,0.03863154687532754,0.9015625156462193,1.0,7
naive,prefix-all,80,120,eval_error_rate,0.02098214285714286,0.03863155139769638,0.0,0.0984375,7
naive,prefix-all,80,120,mem_noise_entries,80.0,0.0,80.0,80.0,7
naive,prefix-all,80,120,mem_sep_entries,1.0,0.0,1.0,1.0,7
naive,prefix-all,80,120,mem_source_entries,20.0,0.0,20.0,20.0,7
naive,prefix-all,80,120,source_survival_rate,1.0,0.0,1.0,1.0,7
naive,source-only,40,10,acc_mean_tail,0.5486642974359649,0.016007281660170614,0.5314250108599663,0.572337512254715,7
naive,source-only,40,10,attn_entropy,0.09875137744737517,0.0528636700418069,0.0558471838012337,0.1871486017480492,7
naive,source-only,40,10,attn_mass_noise,0.0,0.0,0.0,0.0,7
naive,source-only,40,10,attn_mass_other,0.0,0.0,0.0,0.0,7
naive,source-only,40,10,attn_mass_sep,0.0,0.0,0.0,0.0,7
naive,source-only,40,10,attn_mass_source,1.0,0.0,1.0,1.0,7
naive,source-only,40,10,err_both_source_and_noise_rate,0.8714480348888759,0.012370024122842419,0.8573986418922936,0.8925523455724435,7
naive,source-only,40,10,err_noise_only_rate,0.0,0.0,0.0,0.0,7
naive,source-only,40,10,err_other_rate,0.0,0.0,0.0,0.0,7
naive,source-only,40,10,err_sep_rate,0.0,0.0,0.0,0.0,7
naive,source-only,40,10,err_source_only_rate,0.12855196511112396,0.012370024122842407,0.1074476544275564,0.1426013581077064,7
naive,source-only,40,10,eval_acc,0.5765067094138691,0.037682782525250626,0.5355468913912773,0.6330078281462193,7
naive,source-only,40,10,eval_error_rate,0.42349330357142856,0.03768278111775707,0.3669921875,0.464453125,7
naive,source-only,40,10,mem_noise_entries,0.0,0.0,0.0,0.0,7
naive,source-only,40,10,mem_sep_entries,0.0,0.0,0.0,0.0,7
naive,source-only,40,10,mem_source_entries,10.0,0.0,10.0,10.0,7
naive,source-only,40,10,source_survival_rate,0.5,0.0,0.5,0.5,7
naive,source-only,40,15,acc_mean_tail,0.7742071550914219,0.007362817966866599,0.7645312612056732,0.7855062614679337,7
naive,source-only,40,15,attn_entropy,0.12135352583469021,0.05991678857029069,0.0518397286068648,0.2384268241003155,7
naive,source-only,40,15,attn_mass_noise,0.0,0.0,0.0,0.0,7
naive,source-only,40,15,attn_mass_other,0.0,0.0,0.0,0.0,7
naive,source-only,40,15,attn_mass_sep,0.0,0.0,0.0,0.0,7
naive,source-only,40,15,attn_mass_source,1.0,0.0,1.0,1.0,7
naive,source-only,40,15,err_both_source_and_noise_rate,0.8697243775575274,0.01915298849268438,0.8304737476715331,0.8870921495683506,7
naive,source-only,40,15,err_noise_only_rate,0.0,0.0,0.0,0.0,7
naive,source-only,40,15,err_other_rate,0.0,0.0,0.0,0.0,7
naive,source-only,40,15,err_sep_rate,0.0,0.0,0.0,0.0,7
naive,source-only,40,15,err_source_only_rate,0.13027562244247262,0.01915298849268443,0.1129078504316495,0.169526252328467,7
naive,source-only,40,15,eval_acc,0.8037667519279889,0.024140582052480014,0.7742187567055225,0.8400390706956387,7
naive,source-only,40,15,eval_error_rate,0.19623325892857135,0.024140581356390665,0.1599609374999999,0.22578125,7
naive,source-only,40,15,mem_noise_entries,0.0,0.0,0.0,0.0,7
naive,source-only,40,15,mem_sep_entries,0.0,0.0,0.0,0.0,7
naive,source-only,40,15,mem_source_entries,15.0,0.0,15.0,15.0,7
naive,source-only,40,15,source_survival_rate,0.75,0.0,0.75,0.75,7
naive,source-only,40,20,acc_mean_tail,0.9960446487835475,0.0007632700888025294,0.9951812579631806,0.9971437537670136,7
naive,source-only,40,20,attn_entropy,0.04814333280748017,0.012415521685388963,0.0325569721171632,0.0704211820848286,7
naive,source-only,40,20,attn_mass_noise,0.0,0.0,0.0,0.0,7
naive,source-only,40,20,attn_mass_other,0.0,0.0,0.0,0.0,7
naive,source-only,40,20,attn_mass_sep,0.0,0.0,0.0,0.0,7
naive,source-only,40,20,attn_mass_source,1.0,0.0,1.0,1.0,7
naive,source-only,40,20,err_both_source_and_noise_rate,0.0,0.0,0.0,0.0,7
naive,source-only,40,20,err_noise_only_rate,0.0,0.0,0.0,0.0,7
naive,source-only,40,20,err_other_rate,0.0,0.0,0.0,0.0,7
naive,source-only,40,20,err_sep_rate,0.0,0.0,0.0,0.0,7
naive,source-only,40,20,err_source_only_rate,0.0,0.0,0.0,0.0,7
naive,source-only,40,20,eval_acc,1.0,0.0,1.0,1.0,7
naive,source-only,40,20,eval_error_rate,0.0,0.0,0.0,0.0,7
naive,source-only,40,20,mem_noise_entries,0.0,0.0,0.0,0.0,7
naive,source-only,40,20,mem_sep_entries,0.0,0.0,0.0,0.0,7
naive,source-only,40,20,mem_source_entries,20.0,0.0,20.0,20.0,7
naive,source-only,40,20,source_survival_rate,1.0,0.0,1.0,1.0,7
naive,source-only,40,25,acc_mean_tail,0.9960446487835475,0.0007632700888025294,0.9951812579631806,0.9971437537670136,7
naive,source-only,40,25,attn_entropy,0.04814333280748017,0.012415521685388963,0.0325569721171632,0.0704211820848286,7
naive,source-only,40,25,attn_mass_noise,0.0,0.0,0.0,0.0,7
naive,source-only,40,25,attn_mass_other,0.0,0.0,0.0,0.0,7
naive,source-only,40,25,attn_mass_sep,0.0,0.0,0.0,0.0,7
naive,source-only,40,25,attn_mass_source,1.0,0.0,1.0,1.0,7
naive,source-only,40,25,err_both_source_and_noise_rate,0.0,0.0,0.0,0.0,7
naive,source-only,40,25,err_noise_only_rate,0.0,0.0,0.0,0.0,7
naive,source-only,40,25,err_other_rate,0.0,0.0,0.0,0.0,7
naive,source-only,40,25,err_sep_rate,0.0,0.0,0.0,0.0,7
naive,source-only,40,25,err_source_only_rate,0.0,0.0,0.0,0.0,7
naive,source-only,40,25,eval_acc,1.0,0.0,1.0,1.0,7
naive,source-only,40,25,eval_error_rate,0.0,0.0,0.0,0.0,7
naive,source-only,40,25,mem_noise_entries,0.0,0.0,0.0,0.0,7
naive,source-only,40,25,mem_sep_entries,0.0,0.0,0.0,0.0,7
naive,source-only,40,25,mem_source_entries,20.0,0.0,20.0,20.0,7
naive,source-only,40,25,source_survival_rate,1.0,0.0,1.0,1.0,7
naive,source-only,40,30,acc_mean_tail,0.9960446487835475,0.0007632700888025294,0.9951812579631806,0.9971437537670136,7
naive,source-only,40,30,attn_entropy,0.04814333280748017,0.012415521685388963,0.0325569721171632,0.0704211820848286,7
naive,source-only,40,30,attn_mass_noise,0.0,0.0,0.0,0.0,7
naive,source-only,40,30,attn_mass_other,0.0,0.0,0.0,0.0,7
naive,source-only,40,30,attn_mass_sep,0.0,0.0,0.0,0.0,7
naive,source-only,40,30,attn_mass_source,1.0,0.0,1.0,1.0,7
naive,source-only,40,30,err_both_source_and_noise_rate,0.0,0.0,0.0,0.0,7
naive,source-only,40,30,err_noise_only_rate,0.0,0.0,0.0,0.0,7
naive,source-only,40,30,err_other_rate,0.0,0.0,0.0,0.0,7
naive,source-only,40,30,err_sep_rate,0.0,0.0,0.0,0.0,7
naive,source-only,40,30,err_source_only_rate,0.0,0.0,0.0,0.0,7
naive,source-only,40,30,eval_acc,1.0,0.0,1.0,1.0,7
naive,source-only,40,30,eval_error_rate,0.0,0.0,0.0,0.0,7
naive,source-only,40,30,mem_noise_entries,0.0,0.0,0.0,0.0,7
naive,source-only,40,30,mem_sep_entries,0.0,0.0,0.0,0.0,7
naive,source-only,40,30,mem_source_entries,20.0,0.0,20.0,20.0,7
naive,source-only,40,30,source_survival_rate,1.0,0.0,1.0,1.0,7
naive,source-only,80,10,acc_mean_tail,0.5517437626549176,0.01311406158214667,0.5343812634944916,0.5658750119209289,7
naive,source-only,80,10,attn_entropy,0.1396717320063284,0.04697163482381137,0.0614551189355552,0.2203117525205016,7
naive,source-only,80,10,attn_mass_noise,0.0,0.0,0.0,0.0,7
naive,source-only,80,10,attn_mass_other,0.0,0.0,0.0,0.0,7
naive,source-only,80,10,attn_mass_sep,0.0,0.0,0.0,0.0,7
naive,source-only,80,10,attn_mass_source,1.0,0.0,1.0,1.0,7
naive,source-only,80,10,err_both_source_and_noise_rate,0.9846195893501157,0.004570143456070692,0.9788156696418008,0.990792211876936,7
naive,source-only,80,10,err_noise_only_rate,0.0,0.0,0.0,0.0,7
naive,source-only,80,10,err_other_rate,0.0,0.0,0.0,0.0,7
naive,source-only,80,10,err_sep_rate,0.0,0.0,0.0,0.0,7
naive,source-only,80,10,err_source_only_rate,0.015380410649884256,0.004570143456070675,0.0092077881230641,0.0211843303581992,7
naive,source-only,80,10,eval_acc,0.5853794754615852,0.02513579715393475,0.5363281331956387,0.6105468831956387,7
naive,source-only,80,10,eval_error_rate,0.41462053571428564,0.02513579770681422,0.3894531249999999,0.4636718749999999,7
naive,source-only,80,10,mem_noise_entries,0.0,0.0,0.0,0.0,7
naive,source-only,80,10,mem_sep_entries,0.0,0.0,0.0,0.0,7
naive,source-only,80,10,mem_source_entries,10.0,0.0,10.0,10.0,7
naive,source-only,80,10,source_survival_rate,0.5,0.0,0.5,0.5,7
naive,source-only,80,15,acc_mean_tail,0.7849946550301142,0.011988752079332865,0.7707562631368637,0.8015062625408172,7
naive,source-only,80,15,attn_entropy,0.13389577280863055,0.03518581361174238,0.058894146932289,0.1576050268486142,7
naive,source-only,80,15,attn_mass_noise,0.0,0.0,0.0,0.0,7
naive,source-only,80,15,attn_mass_other,0.0,0.0,0.0,0.0,7
naive,source-only,80,15,attn_mass_sep,0.0,0.0,0.0,0.0,7
naive,source-only,80,15,attn_mass_source,1.0,0.0,1.0,1.0,7
naive,source-only,80,15,err_both_source_and_noise_rate,0.9808487624412267,0.01091971415759512,0.9608270915771624,0.9938754724600088,7
naive,source-only,80,15,err_noise_only_rate,0.0,0.0,0.0,0.0,7
naive,source-only,80,15,err_other_rate,0.0,0.0,0.0,0.0,7
naive,source-only,80,15,err_sep_rate,0.0,0.0,0.0,0.0,7
naive,source-only,80,15,err_source_only_rate,0.01915123755877334,0.010919714157595121,0.0061245275399912,0.0391729084228377,7
naive,source-only,80,15,eval_acc,0.8064732285482543,0.013687877300439617,0.7779296971857548,0.8160156384110451,7
naive,source-only,80,15,eval_error_rate,0.1935267857142857,0.013687875946980172,0.183984375,0.2220703125,7
naive,source-only,80,15,mem_noise_entries,0.0,0.0,0.0,0.0,7
naive,source-only,80,15,mem_sep_entries,0.0,0.0,0.0,0.0,7
naive,source-only,80,15,mem_source_entries,15.0,0.0,15.0,15.0,7
naive,source-only,80,15,source_survival_rate,0.75,0.0,0.75,0.75,7
naive,source-only,80,20,acc_mean_tail,0.9960062556947981,0.0009884732095179676,0.9945437570810318,0.9973000024557114,7
naive,source-only,80,20,attn_entropy,0.047113460654924985,0.009191087974887921,0.0342560375574976,0.0645642564631998,7
naive,source-only,80,20,attn_mass_noise,0.0,0.0,0.0,0.0,7
naive,source-only,80,20,attn_mass_other,0.0,0.0,0.0,0.0,7
naive,source-only,80,20,attn_mass_sep,0.0,0.0,0.0,0.0,7
naive,source-only,80,20,attn_mass_source,1.0,0.0,1.0,1.0,7
naive,source-only,80,20,err_both_source_and_noise_rate,0.008928571428571428,0.023622779563076703,0.0,0.0625,7
naive,source-only,80,20,err_noise_only_rate,0.0,0.0,0.0,0.0,7
naive,source-only,80,20,err_other_rate,0.0,0.0,0.0,0.0,7
naive,source-only,80,20,err_sep_rate,0.0,0.0,0.0,0.0,7
naive,source-only,80,20,err_source_only_rate,0.0,0.0,0.0,0.0,7
naive,source-only,80,20,eval_acc,0.9999720981078488,7.382146774007182e-05,0.999804686754942,1.0,7
naive,source-only,80,20,eval_error_rate,2.7901785714285717e-05,7.38211861346147e-05,0.0,0.0001953125,7
naive,source-only,80,20,mem_noise_entries,0.0,0.0,0.0,0.0,7
naive,source-only,80,20,mem_sep_entries,0.0,0.0,0.0,0.0,7
naive,source-only,80,20,mem_source_entries,20.0,0.0,20.0,20.0,7
naive,source-only,80,20,source_survival_rate,1.0,0.0,1.0,1.0,7
naive,source-only,80,25,acc_mean_tail,0.9960062556947981,0.0009884732095179676,0.9945437570810318,0.9973000024557114,7
naive,source-only,80,25,attn_entropy,0.047113460654924985,0.009191087974887921,0.0342560375574976,0.0645642564631998,7
naive,source-only,80,25,attn_mass_noise,0.0,0.0,0.0,0.0,7
naive,source-only,80,25,attn_mass_other,0.0,0.0,0.0,0.0,7
naive,source-only,80,25,attn_mass_sep,0.0,0.0,0.0,0.0,7
naive,source-only,80,25,attn_mass_source,1.0,0.0,1.0,1.0,7
naive,source-only,80,25,err_both_source_and_noise_rate,0.008928571428571428,0.023622779563076703,0.0,0.0625,7
naive,source-only,80,25,err_noise_only_rate,0.0,0.0,0.0,0.0,7
naive,source-only,80,25,err_other_rate,0.0,0.0,0.0,0.0,7
naive,source-only,80,25,err_sep_rate,0.0,0.0,0.0,0.0,7
naive,source-only,80,25,err_source_only_rate,0.0,0.0,0.0,0.0,7
naive,source-only,80,25,eval_acc,0.9999720981078488,7.382146774007182e-05,0.999804686754942,1.0,7
naive,source-only,80,25,eval_error_rate,2.7901785714285717e-05,7.38211861346147e-05,0.0,0.0001953125,7
naive,source-only,80,25,mem_noise_entries,0.0,0.0,0.0,0.0,7
naive,source-only,80,25,mem_sep_entries,0.0,0.0,0.0,0.0,7
naive,source-only,80,25,mem_source_entries,20.0,0.0,20.0,20.0,7
naive,source-only,80,25,source_survival_rate,1.0,0.0,1.0,1.0,7
naive,source-only,80,30,acc_mean_tail,0.9960062556947981,0.0009884732095179676,0.9945437570810318,0.9973000024557114,7
naive,source-only,80,30,attn_entropy,0.047113460654924985,0.009191087974887921,0.0342560375574976,0.0645642564631998,7
naive,source-only,80,30,attn_mass_noise,0.0,0.0,0.0,0.0,7
naive,source-only,80,30,attn_mass_other,0.0,0.0,0.0,0.0,7
naive,source-only,80,30,attn_mass_sep,0.0,0.0,0.0,0.0,7
naive,source-only,80,30,attn_mass_source,1.0,0.0,1.0,1.0,7
naive,source-only,80,30,err_both_source_and_noise_rate,0.008928571428571428,0.023622779563076703,0.0,0.0625,7
naive,source-only,80,30,err_noise_only_rate,0.0,0.0,0.0,0.0,7
naive,source-only,80,30,err_other_rate,0.0,0.0,0.0,0.0,7
naive,source-only,80,30,err_sep_rate,0.0,0.0,0.0,0.0,7
naive,source-only,80,30,err_source_only_rate,0.0,0.0,0.0,0.0,7
naive,source-only,80,30,eval_acc,0.9999720981078488,7.382146774007182e-05,0.999804686754942,1.0,7
naive,source-only,80,30,eval_error_rate,2.7901785714285717e-05,7.38211861346147e-05,0.0,0.0001953125,7
naive,source-only,80,30,mem_noise_entries,0.0,0.0,0.0,0.0,7
naive,source-only,80,30,mem_sep_entries,0.0,0.0,0.0,0.0,7
naive,source-only,80,30,mem_source_entries,20.0,0.0,20.0,20.0,7
naive,source-only,80,30,source_survival_rate,1.0,0.0,1.0,1.0,7
naive,source-pinned-noise-fifo,40,20,acc_mean_tail,0.9960446487835475,0.0007632700888025294,0.9951812579631806,0.9971437537670136,7
naive,source-pinned-noise-fifo,40,20,attn_entropy,0.04814333280748017,0.012415521685388963,0.0325569721171632,0.0704211820848286,7
naive,source-pinned-noise-fifo,40,20,attn_mass_noise,0.0,0.0,0.0,0.0,7
naive,source-pinned-noise-fifo,40,20,attn_mass_other,0.0,0.0,0.0,0.0,7
naive,source-pinned-noise-fifo,40,20,attn_mass_sep,0.0,0.0,0.0,0.0,7
naive,source-pinned-noise-fifo,40,20,attn_mass_source,1.0,0.0,1.0,1.0,7
naive,source-pinned-noise-fifo,40,20,err_both_source_and_noise_rate,0.0,0.0,0.0,0.0,7
naive,source-pinned-noise-fifo,40,20,err_noise_only_rate,0.0,0.0,0.0,0.0,7
naive,source-pinned-noise-fifo,40,20,err_other_rate,0.0,0.0,0.0,0.0,7
naive,source-pinned-noise-fifo,40,20,err_sep_rate,0.0,0.0,0.0,0.0,7
naive,source-pinned-noise-fifo,40,20,err_source_only_rate,0.0,0.0,0.0,0.0,7
naive,source-pinned-noise-fifo,40,20,eval_acc,1.0,0.0,1.0,1.0,7
naive,source-pinned-noise-fifo,40,20,eval_error_rate,0.0,0.0,0.0,0.0,7
naive,source-pinned-noise-fifo,40,20,mem_noise_entries,0.0,0.0,0.0,0.0,7
naive,source-pinned-noise-fifo,40,20,mem_sep_entries,0.0,0.0,0.0,0.0,7
naive,source-pinned-noise-fifo,40,20,mem_source_entries,20.0,0.0,20.0,20.0,7
naive,source-pinned-noise-fifo,40,20,source_survival_rate,1.0,0.0,1.0,1.0,7
naive,source-pinned-noise-fifo,40,25,acc_mean_tail,0.9961008987767356,0.0005466908314726894,0.9954187582731246,0.9968500040769576,7
naive,source-pinned-noise-fifo,40,25,attn_entropy,0.05251635311703593,0.010619759474179237,0.0409522161353379,0.0676382901147008,7
naive,source-pinned-noise-fifo,40,25,attn_mass_noise,3.3040679543968766e-05,2.9361003628683287e-05,8.958136987757825e-06,8.397376132052159e-05,7
naive,source-pinned-noise-fifo,40,25,attn_mass_other,0.0,0.0,0.0,0.0,7
naive,source-pinned-noise-fifo,40,25,attn_mass_sep,0.0,0.0,0.0,0.0,7
naive,source-pinned-noise-fifo,40,25,attn_mass_source,0.9999669699796608,2.93627060608981e-05,0.9999160319566728,0.9999910593032836,7
naive,source-pinned-noise-fifo,40,25,err_both_source_and_noise_rate,0.0,0.0,0.0,0.0,7
naive,source-pinned-noise-fifo,40,25,err_noise_only_rate,0.0,0.0,0.0,0.0,7
naive,source-pinned-noise-fifo,40,25,err_other_rate,0.0,0.0,0.0,0.0,7
naive,source-pinned-noise-fifo,40,25,err_sep_rate,0.0,0.0,0.0,0.0,7
naive,source-pinned-noise-fifo,40,25,err_source_only_rate,0.0,0.0,0.0,0.0,7
naive,source-pinned-noise-fifo,40,25,eval_acc,1.0,0.0,1.0,1.0,7
naive,source-pinned-noise-fifo,40,25,eval_error_rate,0.0,0.0,0.0,0.0,7
naive,source-pinned-noise-fifo,40,25,mem_noise_entries,5.0,0.0,5.0,5.0,7
naive,source-pinned-noise-fifo,40,25,mem_sep_entries,0.0,0.0,0.0,0.0,7
naive,source-pinned-noise-fifo,40,25,mem_source_entries,20.0,0.0,20.0,20.0,7
naive,source-pinned-noise-fifo,40,25,source_survival_rate,1.0,0.0,1.0,1.0,7
naive,source-pinned-noise-fifo,40,30,acc_mean_tail,0.9961107201405933,0.0006387301940384416,0.9950187587738036,0.9969000047445298,7
naive,source-pinned-noise-fifo,40,30,attn_entropy,0.05650765947731474,0.016372682139630924,0.0407666084356606,0.0907075144350528,7
naive,source-pinned-noise-fifo,40,30,attn_mass_noise,5.672646635243187e-05,3.660906354034409e-05,9.751738048180414e-06,9.999129088100744e-05,7
naive,source-pinned-noise-fifo,40,30,attn_mass_other,0.0,0.0,0.0,0.0,7
naive,source-pinned-noise-fifo,40,30,attn_mass_sep,0.0,0.0,0.0,0.0,7
naive,source-pinned-noise-fifo,40,30,attn_mass_source,0.9999432883092335,3.661421381070151e-05,0.9999000169336796,0.999990276992321,7
naive,source-pinned-noise-fifo,40,30,err_both_source_and_noise_rate,0.0,0.0,0.0,0.0,7
naive,source-pinned-noise-fifo,40,30,err_noise_only_rate,0.0,0.0,0.0,0.0,7
naive,source-pinned-noise-fifo,40,30,err_other_rate,0.0,0.0,0.0,0.0,7
naive,source-pinned-noise-fifo,40,30,err_sep_rate,0.0,0.0,0.0,0.0,7
naive,source-pinned-noise-fifo,40,30,err_source_only_rate,0.0,0.0,0.0,0.0,7
naive,source-pinned-noise-fifo,40,30,eval_acc,1.0,0.0,1.0,1.0,7
naive,source-pinned-noise-fifo,40,30,eval_error_rate,0.0,0.0,0.0,0.0,7
naive,source-pinned-noise-fifo,40,30,mem_noise_entries,10.0,0.0,10.0,10.0,7
naive,source-pinned-noise-fifo,40,30,mem_sep_entries,0.0,0.0,0.0,0.0,7
naive,source-pinned-noise-fifo,40,30,mem_source_entries,20.0,0.0,20.0,20.0,7
naive,source-pinned-noise-fifo,40,30,source_survival_rate,1.0,0.0,1.0,1.0,7
naive,source-pinned-noise-fifo,40,40,acc_mean_tail,0.9956071496350424,0.000714537261171704,0.9947125089168548,0.996506254673004,7
naive,source-pinned-noise-fifo,40,40,attn_entropy,0.05294748262635296,0.008292766850734243,0.0432872655801475,0.0635392649564892,7
naive,source-pinned-noise-fifo,40,40,attn_mass_noise,6.642038204062179e-05,4.033214551074323e-05,8.941276860241487e-06,0.0001335143438154,7
naive,source-pinned-noise-fifo,40,40,attn_mass_other,0.0,0.0,0.0,0.0,7
naive,source-pinned-noise-fifo,40,40,attn_mass_sep,0.0,0.0,0.0,0.0,7
naive,source-pinned-noise-fifo,40,40,attn_mass_source,0.9999335967004299,4.033137289886256e-05,0.9998665004968644,0.9999910704791546,7
naive,source-pinned-noise-fifo,40,40,err_both_source_and_noise_rate,0.0,0.0,0.0,0.0,7
naive,source-pinned-noise-fifo,40,40,err_noise_only_rate,0.0,0.0,0.0,0.0,7
naive,source-pinned-noise-fifo,40,40,err_other_rate,0.0,0.0,0.0,0.0,7
naive,source-pinned-noise-fifo,40,40,err_sep_rate,0.0,0.0,0.0,0.0,7
naive,source-pinned-noise-fifo,40,40,err_source_only_rate,0.0,0.0,0.0,0.0,7
naive,source-pinned-noise-fifo,40,40,eval_acc,1.0,0.0,1.0,1.0,7
naive,source-pinned-noise-fifo,40,40,eval_error_rate,0.0,0.0,0.0,0.0,7
naive,source-pinned-noise-fifo,40,40,mem_noise_entries,20.0,0.0,20.0,20.0,7
naive,source-pinned-noise-fifo,40,40,mem_sep_entries,0.0,0.0,0.0,0.0,7
naive,source-pinned-noise-fifo,40,40,mem_source_entries,20.0,0.0,20.0,20.0,7
naive,source-pinned-noise-fifo,40,40,source_survival_rate,1.0,0.0,1.0,1.0,7
naive,source-pinned-noise-fifo,40,60,acc_mean_tail,0.9950312576804842,0.000940299286695471,0.9940687599182128,0.996775004029274,7
naive,source-pinned-noise-fifo,40,60,attn_entropy,0.07764819779965491,0.03564042631155863,0.0552667742595076,0.1565756099298596,7
naive,source-pinned-noise-fifo,40,60,attn_mass_noise,0.042502720299414216,0.1123180147967057,8.127865584128813e-06,0.2972160279750824,7
naive,source-pinned-noise-fifo,40,60,attn_mass_other,0.0,0.0,0.0,0.0,7
naive,source-pinned-noise-fifo,40,60,attn_mass_sep,0.0,0.0,0.0,0.0,7
naive,source-pinned-noise-fifo,40,60,attn_mass_source,0.9574973024427891,0.112318014968718,0.7027839943766594,0.9999919012188913,7
naive,source-pinned-noise-fifo,40,60,err_both_source_and_noise_rate,0.0,0.0,0.0,0.0,7
naive,source-pinned-noise-fifo,40,60,err_noise_only_rate,0.0,0.0,0.0,0.0,7
naive,source-pinned-noise-fifo,40,60,err_other_rate,0.0,0.0,0.0,0.0,7
naive,source-pinned-noise-fifo,40,60,err_sep_rate,0.0,0.0,0.0,0.0,7
naive,source-pinned-noise-fifo,40,60,err_source_only_rate,0.0,0.0,0.0,0.0,7
naive,source-pinned-noise-fifo,40,60,eval_acc,1.0,0.0,1.0,1.0,7
naive,source-pinned-noise-fifo,40,60,eval_error_rate,0.0,0.0,0.0,0.0,7
naive,source-pinned-noise-fifo,40,60,mem_noise_entries,40.0,0.0,40.0,40.0,7
naive,source-pinned-noise-fifo,40,60,mem_sep_entries,0.0,0.0,0.0,0.0,7
naive,source-pinned-noise-fifo,40,60,mem_source_entries,20.0,0.0,20.0,20.0,7
naive,source-pinned-noise-fifo,40,60,source_survival_rate,1.0,0.0,1.0,1.0,7
naive,source-pinned-noise-fifo,40,80,acc_mean_tail,0.9950312576804842,0.000940299286695471,0.9940687599182128,0.996775004029274,7
naive,source-pinned-noise-fifo,40,80,attn_entropy,0.07764819779965491,0.03564042631155863,0.0552667742595076,0.1565756099298596,7
naive,source-pinned-noise-fifo,40,80,attn_mass_noise,0.042502720299414216,0.1123180147967057,8.127865584128813e-06,0.2972160279750824,7
naive,source-pinned-noise-fifo,40,80,attn_mass_other,0.0,0.0,0.0,0.0,7
naive,source-pinned-noise-fifo,40,80,attn_mass_sep,0.0,0.0,0.0,0.0,7
naive,source-pinned-noise-fifo,40,80,attn_mass_source,0.9574973024427891,0.112318014968718,0.7027839943766594,0.9999919012188913,7
naive,source-pinned-noise-fifo,40,80,err_both_source_and_noise_rate,0.0,0.0,0.0,0.0,7
naive,source-pinned-noise-fifo,40,80,err_noise_only_rate,0.0,0.0,0.0,0.0,7
naive,source-pinned-noise-fifo,40,80,err_other_rate,0.0,0.0,0.0,0.0,7
naive,source-pinned-noise-fifo,40,80,err_sep_rate,0.0,0.0,0.0,0.0,7
naive,source-pinned-noise-fifo,40,80,err_source_only_rate,0.0,0.0,0.0,0.0,7
naive,source-pinned-noise-fifo,40,80,eval_acc,1.0,0.0,1.0,1.0,7
naive,source-pinned-noise-fifo,40,80,eval_error_rate,0.0,0.0,0.0,0.0,7
naive,source-pinned-noise-fifo,40,80,mem_noise_entries,40.0,0.0,40.0,40.0,7
naive,source-pinned-noise-fifo,40,80,mem_sep_entries,0.0,0.0,0.0,0.0,7
naive,source-pinned-noise-fifo,40,80,mem_source_entries,20.0,0.0,20.0,20.0,7
naive,source-pinned-noise-fifo,40,80,source_survival_rate,1.0,0.0,1.0,1.0,7
naive,source-pinned-noise-fifo,40,100,acc_mean_tail,0.9950312576804842,0.000940299286695471,0.9940687599182128,0.996775004029274,7
naive,source-pinned-noise-fifo,40,100,attn_entropy,0.07764819779965491,0.03564042631155863,0.0552667742595076,0.1565756099298596,7
naive,source-pinned-noise-fifo,40,100,attn_mass_noise,0.042502720299414216,0.1123180147967057,8.127865584128813e-06,0.2972160279750824,7
naive,source-pinned-noise-fifo,40,100,attn_mass_other,0.0,0.0,0.0,0.0,7
naive,source-pinned-noise-fifo,40,100,attn_mass_sep,0.0,0.0,0.0,0.0,7
naive,source-pinned-noise-fifo,40,100,attn_mass_source,0.9574973024427891,0.112318014968718,0.7027839943766594,0.9999919012188913,7
naive,source-pinned-noise-fifo,40,100,err_both_source_and_noise_rate,0.0,0.0,0.0,0.0,7
naive,source-pinned-noise-fifo,40,100,err_noise_only_rate,0.0,0.0,0.0,0.0,7
naive,source-pinned-noise-fifo,40,100,err_other_rate,0.0,0.0,0.0,0.0,7
naive,source-pinned-noise-fifo,40,100,err_sep_rate,0.0,0.0,0.0,0.0,7
naive,source-pinned-noise-fifo,40,100,err_source_only_rate,0.0,0.0,0.0,0.0,7
naive,source-pinned-noise-fifo,40,100,eval_acc,1.0,0.0,1.0,1.0,7
naive,source-pinned-noise-fifo,40,100,eval_error_rate,0.0,0.0,0.0,0.0,7
naive,source-pinned-noise-fifo,40,100,mem_noise_entries,40.0,0.0,40.0,40.0,7
naive,source-pinned-noise-fifo,40,100,mem_sep_entries,0.0,0.0,0.0,0.0,7
naive,source-pinned-noise-fifo,40,100,mem_source_entries,20.0,0.0,20.0,20.0,7
naive,source-pinned-noise-fifo,40,100,source_survival_rate,1.0,0.0,1.0,1.0,7
naive,source-pinned-noise-fifo,80,20,acc_mean_tail,0.9960062556947981,0.0009884732095179676,0.9945437570810318,0.9973000024557114,7
naive,source-pinned-noise-fifo,80,20,attn_entropy,0.047113460654924985,0.009191087974887921,0.0342560375574976,0.0645642564631998,7
naive,source-pinned-noise-fifo,80,20,attn_mass_noise,0.0,0.0,0.0,0.0,7
naive,source-pinned-noise-fifo,80,20,attn_mass_other,0.0,0.0,0.0,0.0,7
naive,source-pinned-noise-fifo,80,20,attn_mass_sep,0.0,0.0,0.0,0.0,7
naive,source-pinned-noise-fifo,80,20,attn_mass_source,1.0,0.0,1.0,1.0,7
naive,source-pinned-noise-fifo,80,20,err_both_source_and_noise_rate,0.008928571428571428,0.023622779563076703,0.0,0.0625,7
naive,source-pinned-noise-fifo,80,20,err_noise_only_rate,0.0,0.0,0.0,0.0,7
naive,source-pinned-noise-fifo,80,20,err_other_rate,0.0,0.0,0.0,0.0,7
naive,source-pinned-noise-fifo,80,20,err_sep_rate,0.0,0.0,0.0,0.0,7
naive,source-pinned-noise-fifo,80,20,err_source_only_rate,0.0,0.0,0.0,0.0,7
naive,source-pinned-noise-fifo,80,20,eval_acc,0.9999720981078488,7.382146774007182e-05,0.999804686754942,1.0,7
naive,source-pinned-noise-fifo,80,20,eval_error_rate,2.7901785714285717e-05,7.38211861346147e-05,0.0,0.0001953125,7
naive,source-pinned-noise-fifo,80,20,mem_noise_entries,0.0,0.0,0.0,0.0,7
naive,source-pinned-noise-fifo,80,20,mem_sep_entries,0.0,0.0,0.0,0.0,7
naive,source-pinned-noise-fifo,80,20,mem_source_entries,20.0,0.0,20.0,20.0,7
naive,source-pinned-noise-fifo,80,20,source_survival_rate,1.0,0.0,1.0,1.0,7
naive,source-pinned-noise-fifo,80,25,acc_mean_tail,0.9956982209171567,0.00034964052399082905,0.9952500076293944,0.996250006556511,7
naive,source-pinned-noise-fifo,80,25,attn_entropy,0.058605008924912085,0.012080477878032181,0.0402461127378046,0.0787472990341484,7
naive,source-pinned-noise-fifo,80,25,attn_mass_noise,0.0001186241009106232,0.00012080563153604841,2.2315246837933955e-05,0.0003315924577691,7
naive,source-pinned-noise-fifo,80,25,attn_mass_other,0.0,0.0,0.0,0.0,7
naive,source-pinned-noise-fifo,80,25,attn_mass_sep,0.0,0.0,0.0,0.0,7
naive,source-pinned-noise-fifo,80,25,attn_mass_source,0.999881389950003,0.00012080881990911215,0.9996684193611144,0.999977707862854,7
naive,source-pinned-noise-fifo,80,25,err_both_source_and_noise_rate,0.0,0.0,0.0,0.0,7
naive,source-pinned-noise-fifo,80,25,err_noise_only_rate,0.0,0.0,0.0,0.0,7
naive,source-pinned-noise-fifo,80,25,err_other_rate,0.0,0.0,0.0,0.0,7
naive,source-pinned-noise-fifo,80,25,err_sep_rate,0.0,0.0,0.0,0.0,7
naive,source-pinned-noise-fifo,80,25,err_source_only_rate,0.0,0.0,0.0,0.0,7
naive,source-pinned-noise-fifo,80,25,eval_acc,1.0,0.0,1.0,1.0,7
naive,source-pinned-noise-fifo,80,25,eval_error_rate,0.0,0.0,0.0,0.0,7
naive,source-pinned-noise-fifo,80,25,mem_noise_entries,5.0,0.0,5.0,5.0,7
naive,source-pinned-noise-fifo,80,25,mem_sep_entries,0.0,0.0,0.0,0.0,7
naive,source-pinned-noise-fifo,80,25,mem_source_entries,20.0,0.0,20.0,20.0,7
naive,source-pinned-noise-fifo,80,25,source_survival_rate,1.0,0.0,1.0,1.0,7
naive,source-pinned-noise-fifo,80,30,acc_mean_tail,0.9953017933879581,0.000570060473196346,0.9944437593221664,0.996275006055832,7
naive,source-pinned-noise-fifo,80,30,attn_entropy,0.05497931259950351,0.006385856406337578,0.0472193805035203,0.0662349946796894,7
naive,source-pinned-noise-fifo,80,30,attn_mass_noise,7.091008181499137e-05,4.9621443865627e-05,1.7903477555591962e-05,0.0001507908182247,7
naive,source-pinned-noise-fifo,80,30,attn_mass_other,0.0,0.0,0.0,0.0,7
naive,source-pinned-noise-fifo,80,30,attn_mass_sep,0.0,0.0,0.0,0.0,7
naive,source-pinned-noise-fifo,80,30,attn_mass_source,0.9999291098543576,4.9623449373780505e-05,0.99984922260046,0.9999821074306964,7
naive,source-pinned-noise-fifo,80,30,err_both_source_and_noise_rate,0.008928571428571428,0.023622779563076703,0.0,0.0625,7
naive,source-pinned-noise-fifo,80,30,err_noise_only_rate,0.0,0.0,0.0,0.0,7
naive,source-pinned-noise-fifo,80,30,err_other_rate,0.0,0.0,0.0,0.0,7
naive,source-pinned-noise-fifo,80,30,err_sep_rate,0.0,0.0,0.0,0.0,7
naive,source-pinned-noise-fifo,80,30,err_source_only_rate,0.0,0.0,0.0,0.0,7
naive,source-pinned-noise-fifo,80,30,eval_acc,0.9999720981078488,7.38214677400963e-05,0.999804686754942,1.0,7
naive,source-pinned-noise-fifo,80,30,eval_error_rate,2.7901785714285717e-05,7.38211861346147e-05,0.0,0.0001953125,7
naive,source-pinned-noise-fifo,80,30,mem_noise_entries,10.0,0.0,10.0,10.0,7
naive,source-pinned-noise-fifo,80,30,mem_sep_entries,0.0,0.0,0.0,0.0,7
naive,source-pinned-noise-fifo,80,30,mem_source_entries,20.0,0.0,20.0,20.0,7
naive,source-pinned-noise-fifo,80,30,source_survival_rate,1.0,0.0,1.0,1.0,7
naive,source-pinned-noise-fifo,80,40,acc_mean_tail,0.995488400050572,0.0009558420785048335,0.9941312606334688,0.996700004339218,7
naive,source-pinned-noise-fifo,80,40,attn_entropy,0.05610144647237442,0.006596392288476446,0.0443574362434446,0.0625075479038059,7
naive,source-pinned-noise-fifo,80,40,attn_mass_noise,3.868208497286625e-05,3.141011447482453e-05,4.919050525131752e-06,8.740520206629299e-05,7
naive,source-pinned-noise-fifo,80,40,attn_mass_other,0.0,0.0,0.0,0.0,7
naive,source-pinned-noise-fifo,80,40,attn_mass_sep,0.0,0.0,0.0,0.0,7
naive,source-pinned-noise-fifo,80,40,attn_mass_source,0.9999613400016513,3.1414306217966776e-05,0.9999126084148884,0.9999951012432576,7
naive,source-pinned-noise-fifo,80,40,err_both_source_and_noise_rate,0.0,0.0,0.0,0.0,7
naive,source-pinned-noise-fifo,80,40,err_noise_only_rate,0.0,0.0,0.0,0.0,7
naive,source-pinned-noise-fifo,80,40,err_other_rate,0.0,0.0,0.0,0.0,7
naive,source-pinned-noise-fifo,80,40,err_sep_rate,0.0,0.0,0.0,0.0,7
naive,source-pinned-noise-fifo,80,40,err_source_only_rate,0.0,0.0,0.0,0.0,7
naive,source-pinned-noise-fifo,80,40,eval_acc,1.0,0.0,1.0,1.0,7
naive,source-pinned-noise-fifo,80,40,eval_error_rate,0.0,0.0,0.0,0.0,7
naive,source-pinned-noise-fifo,80,40,mem_noise_entries,20.0,0.0,20.0,20.0,7
naive,source-pinned-noise-fifo,80,40,mem_sep_entries,0.0,0.0,0.0,0.0,7
naive,source-pinned-noise-fifo,80,40,mem_source_entries,20.0,0.0,20.0,20.0,7
naive,source-pinned-noise-fifo,80,40,source_survival_rate,1.0,0.0,1.0,1.0,7
naive,source-pinned-noise-fifo,80,60,acc_mean_tail,0.9949553656407765,0.0009490619640329561,0.9929250118732452,0.9958937562704088,7
naive,source-pinned-noise-fifo,80,60,attn_entropy,0.0743641198745795,0.014541869131611753,0.0554097886197268,0.0939473779872059,7
naive,source-pinned-noise-fifo,80,60,attn_mass_noise,5.406133522812098e-05,2.4613037288612102e-05,2.4256518258880533e-05,0.0001047610708155,7
naive,source-pinned-noise-fifo,80,60,attn_mass_other,0.0,0.0,0.0,0.0,7
naive,source-pinned-noise-fifo,80,60,attn_mass_sep,0.0,0.0,0.0,0.0,7
naive,source-pinned-noise-fifo,80,60,attn_mass_source,0.9999459625354835,2.461588362602623e-05,0.999895256012678,0.9999757707118988,7
naive,source-pinned-noise-fifo,80,60,err_both_source_and_noise_rate,0.0,0.0,0.0,0.0,7
naive,source-pinned-noise-fifo,80,60,err_noise_only_rate,0.0,0.0,0.0,0.0,7
naive,source-pinned-noise-fifo,80,60,err_other_rate,0.0,0.0,0.0,0.0,7
naive,source-pinned-noise-fifo,80,60,err_sep_rate,0.0,0.0,0.0,0.0,7
naive,source-pinned-noise-fifo,80,60,err_source_only_rate,0.0,0.0,0.0,0.0,7
naive,source-pinned-noise-fifo,80,60,eval_acc,1.0,0.0,1.0,1.0,7
naive,source-pinned-noise-fifo,80,60,eval_error_rate,0.0,0.0,0.0,0.0,7
naive,source-pinned-noise-fifo,80,60,mem_noise_entries,40.0,0.0,40.0,40.0,7
naive,source-pinned-noise-fifo,80,60,mem_sep_entries,0.0,0.0,0.0,0.0,7
naive,source-pinned-noise-fifo,80,60,mem_source_entries,20.0,0.0,20.0,20.0,7
naive,source-pinned-noise-fifo,80,60,source_survival_rate,1.0,0.0,1.0,1.0,7
naive,source-pinned-noise-fifo,80,80,acc_mean_tail,0.9940848310504641,0.001769956625361551,0.9919937618970872,0.997368752360344,7
naive,source-pinned-noise-fifo,80,80,attn_entropy,0.07656294879104404,0.01588581042903366,0.0523879984393715,0.1061429483816027,7
naive,source-pinned-noise-fifo,80,80,attn_mass_noise,8.129746076484727e-05,5.674490648412058e-05,1.3762758101165671e-05,0.000159918196914,7
naive,source-pinned-noise-fifo,80,80,attn_mass_other,0.0,0.0,0.0,0.0,7
naive,source-pinned-noise-fifo,80,80,attn_mass_sep,0.0,0.0,0.0,0.0,7
naive,source-pinned-noise-fifo,80,80,attn_mass_source,0.9999187301312175,5.675278568326296e-05,0.9998400956392288,0.9999862797558308,7
naive,source-pinned-noise-fifo,80,80,err_both_source_and_noise_rate,0.0,0.0,0.0,0.0,7
naive,source-pinned-noise-fifo,80,80,err_noise_only_rate,0.0,0.0,0.0,0.0,7
naive,source-pinned-noise-fifo,80,80,err_other_rate,0.0,0.0,0.0,0.0,7
naive,source-pinned-noise-fifo,80,80,err_sep_rate,0.0,0.0,0.0,0.0,7
naive,source-pinned-noise-fifo,80,80,err_source_only_rate,0.0,0.0,0.0,0.0,7
naive,source-pinned-noise-fifo,80,80,eval_acc,1.0,0.0,1.0,1.0,7
naive,source-pinned-noise-fifo,80,80,eval_error_rate,0.0,0.0,0.0,0.0,7
naive,source-pinned-noise-fifo,80,80,mem_noise_entries,60.0,0.0,60.0,60.0,7
naive,source-pinned-noise-fifo,80,80,mem_sep_entries,0.0,0.0,0.0,0.0,7
naive,source-pinned-noise-fifo,80,80,mem_source_entries,20.0,0.0,20.0,20.0,7
naive,source-pinned-noise-fifo,80,80,source_survival_rate,1.0,0.0,1.0,1.0,7
naive,source-pinned-noise-fifo,80,100,acc_mean_tail,0.9945937592472349,0.00034678533142824727,0.9939625105857848,0.9950187574625016,7
naive,source-pinned-noise-fifo,80,100,attn_entropy,0.07173325826546971,0.007290397576656097,0.0654525815043598,0.082268304657191,7
naive,source-pinned-noise-fifo,80,100,attn_mass_noise,0.00011391847153515966,7.863202610450602e-05,2.4400784695899347e-05,0.0002730226797211,7
naive,source-pinned-noise-fifo,80,100,attn_mass_other,0.0,0.0,0.0,0.0,7
naive,source-pinned-noise-fifo,80,100,attn_mass_sep,0.0,0.0,0.0,0.0,7
naive,source-pinned-noise-fifo,80,100,attn_mass_source,0.9998861024422305,7.862939762226643e-05,0.999727003276348,0.9999756142497064,7
naive,source-pinned-noise-fifo,80,100,err_both_source_and_noise_rate,0.008928571428571428,0.023622779563076703,0.0,0.0625,7
naive,source-pinned-noise-fifo,80,100,err_noise_only_rate,0.0,0.0,0.0,0.0,7
naive,source-pinned-noise-fifo,80,100,err_other_rate,0.0,0.0,0.0,0.0,7
naive,source-pinned-noise-fifo,80,100,err_sep_rate,0.0,0.0,0.0,0.0,7
naive,source-pinned-noise-fifo,80,100,err_source_only_rate,0.0,0.0,0.0,0.0,7
naive,source-pinned-noise-fifo,80,100,eval_acc,0.9999720981078488,7.382146774005079e-05,0.999804686754942,1.0,7
naive,source-pinned-noise-fifo,80,100,eval_error_rate,2.7901785714285717e-05,7.38211861346147e-05,0.0,0.0001953125,7
naive,source-pinned-noise-fifo,80,100,mem_noise_entries,80.0,0.0,80.0,80.0,7
naive,source-pinned-noise-fifo,80,100,mem_sep_entries,0.0,0.0,0.0,0.0,7
naive,source-pinned-noise-fifo,80,100,mem_source_entries,20.0,0.0,20.0,20.0,7
naive,source-pinned-noise-fifo,80,100,source_survival_rate,1.0,0.0,1.0,1.0,7
